,q_text,answer,q_type
0,《机械设计基础》这本书的作者是谁？,杨可桢，程光蕴，李仲生,2
1,《高等数学》是哪个出版社出版的？,武汉大学出版社,6
2,《线性代数》这本书的出版时间是什么？,2013/12/30,5
3,安德烈是哪个国家的人呢？,摩纳哥,3
4,《线性代数》的isbn码是什么？,978-7-111-36843-4,4
5,《高等数学一（微积分）》是哪一门课的通用教材？,高等数学一（微积分）,6
6,有谁知道万达广场英文怎么说？,amoy wanda plaza,1
7,李明的出生年月日是什么？,1963.1,5
8,小说《韩娱守护力》完结还是连载呢？,连载,1
9,大家知道《夏想》是在哪个网站连载的吗？,潇湘书院,6
10,《大学计算机基础》一共有多少页？,272,4
11,城关镇在中国叫什么？,城关镇[临澧县],3
12,李明的老家是哪里？,青海湟源,3
13,大学计算机基础这本书多少钱啊？,25 元,4
14,李军现在在哪任职，什么职位？,河南省林业厅党组成员、副厅长,2
15,文庙在中国称为什么,文庙,1
16,杨明是什么少数民族的人,苗族,6
17,有一本叫《毛泽东》的书是怎样装订的,平装(无盘),1
18,西游记属于什么类型的书呢,奇幻,6
19,王娟是男性还是女性,女,1
20,计算机应用基础是多少开的书,16,4
21,周迅是哪家公司的总裁,安徽龙润农业科技开发有限公司,6
22,博士来拜是什么画,油画，壁画,6
23,李军医生是什么学校毕业的,天津卫生职工医学院,6
24,陈平来自于哪个国家,中国,3
25,万达的总部在哪,重庆市南岸区江南大道8号（重庆万达）/重庆市万州区北滨路（万州万达）,3
26,张宇的性别是什么,女,1
27,城关镇面积有多大,134.27平方公里,4
28,城关镇在哪个地区,中国西南,3
29,和平村在哪个省市县镇,山东省微山县南阳镇,3
30,西城社区是什么时候成立的,2006年6月,5
31,王辉是干什么的,广东省广播电影电视局官员,2
32,东创建国主要做什么生意,整车销售、售后服务、配件供应,1
33,茴香中文学名叫什么,茴香,6
34,王军是哪年哪月哪日出生,1962年7月,5
35,丹顶鹤所属什么界,动物界,6
36,王平还用过别的名字吗,原名王惟允，曾用名王明,2
37,有谁知到李军这个人都有什么成就,中国美术学会会员 中国陶瓷协会会员,2
38,tcl是国企还是私企呀,私企,6
39,城关镇的人口规模有多少,5万,4
40,圆锥花序组是什么科植物的特点,石竹科caryophyllaceae,6
41,匆匆那年英文怎样翻译,back in time,1
42,《兄弟》属于哪种小说,图书 > 小说 > 中国当代小说,6
43,刘勇的代表作品有什么,《中国现代作家的宗教文化情结》,6
44,多花秋海棠属于哪个门的植物,被子植物门 angiospermae,6
45,类胡萝卜素是做什么用的,色素,1
46,王军老家在哪,甘肃高台,3
47,命运石之门是哪一种类型的游戏,假想科学adv,6
48,圆锥花序组是哪个目的植物的特点,中央种子目centrospermae,6
49,凤凰山在哪里呀,山西省定襄县,3
50,谁知道夜来香属于哪个纲的植物,双子叶植物纲(magnoliopsida)，又称木兰纲。,6
51,亚历山大一世是哪一天去世的,前323年6月10日,5
52,李明是什么族的人,汉族,6
53,吉字拼音怎样拼,ji zi,1
54,富兰克林县英文怎样说,"franklin county, maine",1
55,香橼的拉丁学名怎样说,citrus?medic?l.,1
56,花园村属于什么行政区类别,乡村,6
57,辣子鸡属于八大菜系中的哪一种,湘菜，辣菜,6
58,圆锥花序组是什么属的植物才有的特点,石头花属gypsophila,6
59,打乒乓球的王皓有多高,179cm,4
60,魔法少女奈叶都在什么地区播出,日本 香港 台湾,3
61,秋日是什么朝代创作的,唐朝,5
62,哈姆雷特是谁导演的,米歇尔·阿米瑞亚德,2
63,李派唱腔的特点是什么,文戏唱腔韵味清醇，武戏武功精湛,1
64,江陵之战是哪一年爆发的,219年,5
65,蜢科又叫什么,虻科,6
66,哺乳动物属于什么界,动物界animalia,6
67,农历三月三是个什么节日,上巳节,5
68,李明在哪里出生的,江苏常熟,3
69,大家知道关山月属于什么体裁吗,诗歌,6
70,长柄船蛆属于什么纲,双壳纲,6
71,金手指是被子植物还是裸子植物,被子植物,6
72,大花组是什么科的植物呢,石竹科 caryophyllaceae [cronquist系统],6
73,你知道哈姆雷特是哪个国家的电影吗,美国,3
74,费尔南多是什么项目的运动员,足球队员,6
75,比较好的福尔摩斯探案全集译者是谁呀,朱莉莉,2
76,打网球的李娜体重有多少,65kg,4
77,大花组属于哪个目,石竹目 caryophyllales [cronquist系统],6
78,《犯罪学》是谁写的,曹立群 任昕,2
79,逸夫小学是九几年创办的,1996年,5
80,影片哈姆雷特的主演是谁,伊桑·霍克，凯尔·麦克拉克伦，比尔·默瑞，列维·施瑞博尔，山姆·夏普德，朱丽娅·斯蒂尔斯,2
81,王辉是哪个学校毕业的,华师大本科,6
82,霸气一词最早出现在哪里,《江宁吴少府宅饯宴序》,6
83,做辣子鸡需要准备什么食材,公鸡，糍粑辣椒，花椒，姜，大葱，大蒜，盐，酱油，味精，料酒，菜籽油,6
84,有人知道文庙面积有多大吗,6647.95平方米,4
85,《兄弟》是哪个国家拍的,中文,3
86,值得珍藏的《红楼梦》全本有哪个出版社出版的,吉林文史出版社,6
87,《心理学与生活》这本书的副标题是什么,教育部心理指导委员会推荐用书,6
88,阿尔法这个游戏有多大啊,114.92mb,4
89,大花组属于哪个属的植物,蝇子草属 silene,6
90,城隍庙地理位置在哪,金华市区明月巷,3
91,哈姆雷特在美国是什么时候上映的,usa 2000年1月24日,5
92,一本大学是什么类型的书啊,985工程 211工程,1
93,《犯罪学》这本书的出版时间是什么时候,2008年3月,5
94,神雕侠侣是什么语的电视剧,华语,6
95,《因为我爱你》是怎样装帧的,平装,1
96,城关镇在哪个省哪个市,中国 湖南省,3
97,大花组的植物主要分布在我国哪里,我国主要分布在辽宁、新疆等地。,3
98,边境牧羊犬是什么犬种,灰狼,6
99,玫瑰主要生长在我国那些地区,江苏、浙江、福建、山东、四川等地,3
100,《礼物》的发行时间是什么时候,2010年12月,5
101,新的那部神雕侠侣的编剧是谁来着,于正,2
102,谁知道历史上萧皇后本名叫什么,萧皇后,2
103,重庆辣子鸡是什么口味的菜,辣、开胃,1
104,有人知道万达广场在哪吗,佛山市南海区桂城桂澜路东侧,3
105,《犯罪学》的isbn码是什么,9.79E+12,4
106,大花组植物我国有哪几种,我国产2种1亚种。,6
107,我想做棒棒糖蛋糕，需要哪些原料呢,法国奶油 法国果茸 法国番石榴浆,6
108,请问一下城关镇的电话区号是什么,854,4
109,新发村的海拔很高吗，有多少米呀,1700.00米,4
110,离殇是什么意思啊,.离别，逝去（,1
111,有人买过《犯罪学》吗，多少钱啊,￥38.00,4
112,画家何伟的代表作有哪些,《静物》、《西递村》入选全国建筑美术家作品展；1993年油画《秋之语》入选上海93油画展；1994年作品《花卉》、《窗》入选中国浦东首届中华艺术博览会；1995年作品《残阳》,6
113,《幽灵船》是多少开的书,32开,4
114,我想问一下，什么叫红米手机,小米红米手机,1
115,哈姆雷特的对白原音是什么语的,英语,6
116,有谁了解自热米饭是不是含防腐剂,否,1
117,张凯有一个绰号叫什么来着,幽灵,2
118,谁能告诉我一下花衣的注音,ㄏㄨㄚ ㄧ,1
119,小时候这首歌原唱是谁,南拳妈妈,2
120,谁知道橡树湾的开发商是哪家啊,华润置地（上海）有限公司,6
121,东北大学的简称是什么,nu,1
122,鑫威kw9000es是个什么产品,ipsan/nas一体化存储,1
123,有没有城关镇的同志啊，你们那的人口有多少,7.1万人（2008年）,4
124,《犯罪学》一共有多少页,268,4
125,城关镇的面积有多大,44.41平方公里,4
126,有没有认识刘丹的，请问一下她有多高啊,166cm,4
127,哈姆雷特片长多少,112分钟,4
128,古文中罗罗怎样理解,1. 疏朗放诞。,1
129,陈佳是什么星座的,天蝎,6
130,福特野马车是什么牌子的,福特ford,6
131,东区的人口密度大概是多少,"2,300/平方公里（5,900/平方英里）",4
132,干酪菌属属于什么亚纲,同担子菌亚纲,6
133,谁知道黑大咽齿鲷的英文名怎样说,negros wrasse,1
134,王玲的信仰是什么,中共党员,6
135,呃……谁知道嘿咻的拼音怎样写,hei xiu,1
136,张敏老家是哪的,河北武安,3
137,大花组的二名法是什么,silene sect. elisanthe (fenzl) chater et walter,6
138,斯普林菲尔德时间是按那个时区算的,美国东部标准时间（utc-5）,3
139,山羊是属于哪个亚纲的,真兽亚纲,6
140,郑州驱逐舰型号是什么有人知道吗,国产052c型,6
141,历史上的刘瑜是哪个年代的人,金,5
142,腬这个字是什么意思啊,优质肉。 ?肥美。 盛。 面色和柔的样子。,1
143,《红楼梦》的导演是哪位,胡雪扬,2
144,海德公园附近的楼盘叫什么名字,海德公园,3
145,我想问一下文庙在哪个地方啊,湖南省新田县县城龙泉镇立新街,3
146,安乐村地理位置是在哪里,云南省保山市隆阳区瓦窑镇,3
147,有人知道新安镇属于什么行政区吗,乡镇,6
148,《红楼梦》在哪里上映,中国大陆,3
149,我爱你这首歌属于哪张专辑的啊,ep单曲,6
150,谁知道万达广场的面积有多大,53万平方米,4
151,电影《哈姆雷特》是哪年出品的,2000年,5
152,城关镇的位置在哪里,西邻京广铁路、107国道、京珠高速，北邻汤濮铁路、鹤濮高速，安长公路穿境而过。,3
153,月光是谁做的曲,黄戚尔,2
154,游戏仙魔变最新版大小是多少,1479610k,4
155,笑傲江湖是什么语种的电视剧,粤语、普通话,6
156,城关镇的上级行政区是什么,忻城县,3
157,谁知道《红楼梦》的主演都有谁啊,钱惠丽；单仰萍；陈颖；方亚芬,2
158,《红楼梦》是什么时候上映的呀,2005年,5
159,你们知道红楼梦的出品公司是哪家吗,中影集团、荣信达、华录百纳,6
160,文庙里比较有名的景点是什么,大成殿,6
161,卢卡斯是哪支球队的,开拓者,6
162,丹特丽安的书架日文原名叫什么,ダンタリアンの书架(ダンタリアンのしょか)（dantarian no shoka）,6
163,阿灵顿是什么时区的,edt（utc-4）,3
164,张薇政治面貌是党员还是共青团员,中共党员,6
165,城关镇的行政区划代码是什么,451321100,4
166,有去过城关镇的吗，哪里是什么样的气候,亚热带季风气候,6
167,谁知道王杰是哪年哪月出生的,1963年5月,5
168,古代那个陈平是什么时候死的呀,公元前178年,5
169,《要听爸爸的话！》是什么类型的丛书,jump comics sq. ching win boy comic,6
170,《光荣之路》是彩色的还是黑白的呢,彩色,1
171,呃我想请教一下黑叶猴的英文是怎样说的,fran?ois’s langur,1
172,城关镇下属的村有多少个,24,4
173,你们知道政府贴息贷款有什么作用吗,可以扩大援助规模,1
174,小米手机4屏幕是多大的,5英寸ips屏,4
175,刘军是那个党派的,共产党,6
176,有没有玩过怪物猎人的，这个游戏都可以在哪些平台上玩,家用机：ps2、wii、ps3、wii u 掌机：psp、3ds,6
177,城关镇有几个社区,3,4
178,城关镇包括多少个村,21,4
179,城关镇的经纬度是多少啊,24°04′03″n 108°39′49″e / 24.0676°n 108.66365°e坐标：24°04′03″n 108°39′49″e / 24.0676°n 108.66365°e,4
180,粉我吧公司的员工口号是什么,do it by yourself!,1
181,哈姆雷特是彩色的还是黑白的,黑白,1
182,有一首歌叫我爱你，这是什么语言的歌曲,国语,6
183,谁知道魅族有多少员工啊,2000余人（2010年）,4
184,我想问一下林肯县的官方网站是什么,www.co.lincoln.wy.us,1
185,新版神雕侠侣一共有多少集,40集,4
186,陈谦的字是什么,字八桂,2
187,植物大神们，海棠是属于哪个亚科的,苹果亚科,6
188,思诺思的学名叫什么啊,酒石酸唑吡坦片,6
189,万科金域蓝湾是商业建筑还是民用住宅啊,住宅,1
190,体育粉们，我想问一下李娜主要获得过哪些奖项,2011法网女单冠军 2014澳网女单冠军 wta单打冠军头衔：9,2
191,纳斯达克是什么时候创建的,1971,5
192,孙悟空在那部轩辕剑作品中出现过,《轩辕剑叁外传：天之痕》,6
193,天龙八部还有什么其他名字吗,新天龙八部,6
194,谁知道奥埃尔巴赫的邮编是什么啊,5222,4
195,呃……我想问一下孙悟空还有什么其他名字吗,卡卡罗特、格古洛,2
196,修正再购这个词是什么意思啊,生产者市场的用户为了更好地完成,1
197,杨俊来自于哪个国家,中国,3
198,斯普林菲尔德是哪个州的,马萨诸塞州,3
199,我想做鉴真素鸭这道菜，都需要什么辅料,素蚝油、糖、盐、葱花、香油,6
200,《毛泽东》这本书还叫什么,毛泽东革命者与建设者,1
201,辣条适合什么人吃,儿童,6
202,谁能给我介绍一下钻石画，真的是用钻石做的吗,树脂钻,1
203,天宁寺的编号是什么,第三批，编号不详,4
204,白雅湖岛是几星级的酒店呀,★★★,4
205,杨洋粉们，杨洋是什么血型的啊,o型,2
206,王宪是什么时候出生的啊,1921年9月,5
207,over the rainbow是属于什么风格的音乐,华语流行音乐,1
208,有谁知道鞭打快牛这个词语怎样用,作宾语、定语；指赏罚不公,1
209,我想问一下轩辕剑游戏发行商是哪家,大宇资讯,6
210,哺乳动物是属于什么亚门的,脊椎动物亚门vertebrata,6
211,李皇后是什么时候死的,1004年,5
212,山羊是哪个亚门的动物,脊椎动物亚门,6
213,岳阳市人民政府关于整治市中心城区沿湖砂石散货客运码头的通告是要干什么用的,提升城市品位,1
214,新房子村属于哪个区有没有知道的,半山区,3
215,城关镇的邮编是什么呀,558200,4
216,城关镇下面有几个村,15个村,4
217,电影《哈姆雷特》有多长时间,130分钟,5
218,各持己见是什么结构的词语,动宾式,1
219,有认识徐坚的吗，他是做什么的？,研究员，博士,2
220,梅花落作者是谁来着？,鲍照,2
221,我想问一下邪恶漫画是属于哪个系列的漫画？,卡列漫画,6
222,城关镇有什么特产吗？,瓜类、蔬菜,6
223,矿物油都能够用来做什么有人懂这方面吗？,润滑油，,1
224,天宁寺是什么朝代修建的？,明代,5
225,圆锥花序组属于什么族的？,石竹族trib. diantheae,6
226,大花组属于哪一个亚科啊？,石竹亚科 subfam. caryophylloideae,6
227,公元432年是什么意思？,是中国历史上的壬申年，在中国,5
228,有人会做河豚肉炒白菜吗，需要什么调料啊？,适量盐，适量干红椒,1
229,温泉镇使用什么方言？,官话,6
230,还有人记得ngc是什么时候上市的吗？,日本：2001年9月14日[1],5
231,河南村耕地面积有多大？,8750亩,4
232,模拟人生是什么时候发行的来着？,2000年2月4日（windows pc） 2000年7月25日（mac os） 2003年3月24日（xbox） 2003年7月9日（playstation 2）,5
233,生物大神们，深渊蛙学名叫什么啊？,十字蝌蚪,6
234,室内软装饰是什么语种的书,英语、简体中文,6
235,科姆潘是什么位置的球员？,:前锋,2
236,城关镇有哪些有名的产业？,铁矿、重晶石、石灰石、粘土矿等金属非金属矿类,1
237,我想问一下，有人知道罗红霉素分散片是什么类型的药吗？,工伤医保乙类双跨,6
238,车前薏米粥需要哪些配料,水,6
239,有一家叫彻思叔叔店全名叫什么啊？,彻思叔叔烘焙工坊,6
240,博略属于哪个省？,卡尔瓦多斯省,3
241,有没有人知道伦敦大学学院的校训呀？,cuncti adsint meritaeque expectent praemia palmae (让所有因其价值应得奖赏的人都来吧),1
242,征服网络评分是多少啊？,9,4
243,夜不成寐最初出处是哪里呀？,《夷坚志·乙志卷八·虔州城楼》,6
244,电视广播有限公司的生日是哪一天呀？,1967年11月19日 （47岁60天，香港九龙广播道）,5
245,谁知道李洋是什么星座的？,双鱼座,6
246,月光这首歌是谁编的曲？,洪信杰,2
247,求问城关镇的车牌代码？,贵j,4
248,博士来拜是什么年代的作品？,1461年,5
249,秦时明月是什么类型的游戏，玩过的请回答？,网页游戏,6
250,毁灭都市是啥时候上映的？,2013年8月,5
251,求问中山大学的现任校长是谁？,罗俊[2],2
252,麻烦你告诉我一下黄山途欢快捷酒店具体地址？,黄山风景区汤口镇逍遥水街8号楼,3
253,believe是哪个唱片公司发行的来着？,universal,6
254,你知道圣地亚哥英文名怎么拼吗？,saint jakob,1
255,我想问一下朱江的学历是？,本科,2
256,杭州圆正艮秋宾馆一共有多少个房间？,76间/套,4
257,热血兄弟可以选择语言？,英文，日语，韩语,6
258,周永康的个人资料有人知道吗，请告诉我一下？,1942年12月（72岁） 中华民国汪精卫政权江苏省无锡县 周元根,2
259,蝴蝶是哪里产的？,韩国,3
260,有一个楼盘叫万科金域蓝湾，有人知道具体位置在哪里吗？,长沙市芙蓉区营盘东路与浏阳河风光带交界处,3
261,工厂食堂是面向什么对象呀？,巴比,6
262,电视剧《红楼梦》的编剧还有人记得吗？,徐进,2
263,山羊属于什么亚目的？,反刍亚目,6
264,小红参还叫做什么啊？,三叶鼠尾草、紫丹参、小红丹参（云南丽江）、,6
265,我想请问一下影片灰姑娘是哪个公司发行的？,华特·迪士尼,6
266,薪酬管理这本书一共印刷了几版？,4,4
267,谁知道李明啊，他的职称是什么？,管理学博士，教授,2
268,银行垫款的本质是什么？,被迫以自有资金代为支付的行为,1
269,高田ic在哪里？,〒929-2111 石川县七尾市高田町 37°3′23.69″n 136°53′45.99″e / 37.0565806°n 136.8961083°e,3
270,七大杀人武器都有什么内容？,要听话”用来杀自由,1
271,韩熙载夜宴图的尺寸是多大的？,宽28.7厘米，长335.5厘米,4
272,西北大学是什么类型的大学？,综合性全国重点大学,6
273,城关镇政府在哪个地区？,咀台村,3
274,移动金融领先银行的作用是啥？,银行卡完整地空中植入手机sim卡,1
275,我想知道杨洋签了哪家经纪公司？,天娱传媒,6
276,傀儡师最初是从哪出来的？,话剧表演,6
277,中国棒球联赛的主办单位是什么？,国家体育总局手曲棒垒运管中心,6
278,我想问一下书剑恩仇录的制片是谁？,王鹏举、尹廉和、区志仁,2
279,你们知道李明的出生年月吗？,1946年11月,5
280,我们这首歌一共持续多长时间？,4:02,5
281,橡树湾的绿化率大概有多少？,30%,4
282,有个问题想请教一下，大花组属于哪个族啊？,蝇子草族 trib. sileneae,6
283,赤壁出自于哪里？,《列朝诗集》,6
284,鲁迅的朝花夕拾全书共多少字？,100千字,4
285,藤制家具有什么优势吗？,藤制家具透气性强、手感清爽,1
286,请问财富广场属于哪个地区？,即墨市,3
287,学化学的来，泼尼松龙的分子量是？,360.44,4
288,迈克尔·杰克逊是什么时候去世的？,2009年6月25日（50岁） 美国加利福尼亚州洛杉矶市荷尔贝山,5
289,有没有人知道丽纳尔斯咖啡馆啥时候营业？,09:00-00:00,5
290,金恒生eb8300的内存是多大的？,128mb,4
291,ultraviolet by paul pairet的人均价多少？,5000,4
292,学生物的来，极乐吻鰕虎属于哪个亚目？,鰕虎亚目 gobioidei,6
293,三圣寺原名叫什么呀?,三义庙,1
294,李派的创始人叫啥来着？,李少春,2
295,莡这个字的笔画有多少？,7划,4
296,请问kindle有多重？,190g,4
297,请问中山路有什么样的地位？,屏东县枋寮乡的南北向主要道路,1
298,城关镇下辖多少个社区居委会和村委会,辖9个社区居委会，9个村委会,4
299,定语一般是什么词？,名词,6
300,宕怪星是啥时候被人们发现的？,"may 24, 1873",5
301,寒神星是什么时候被观测到的？,1862年11月12,5
302,文庙还被称为什么？,岳州学宫,1
303,双江镇在哪个国家啊？,中国,3
304,有人认识刘平吗，他是那个民族的？,汉族,6
305,极速冲浪在哪个游戏网站可以找到？,806k,6
306,昆腾scalar i80(lsc18-ch4g-132h)的存储容量有多少？,40000gb,4
307,地球的离心率是多少？,0.016710219,4
308,我想知道浸酸皮是什么样的？,浸酸后的裸皮白净,1
309,有没有人知道地球的轨道倾角是多少呢？,0（7.25°至太阳赤道）,4
310,苍蝇的蝇是啥偏旁部首？,虫部外笔画,1
311,莲子杏仁银耳粥的主要食材有啥？,银耳,6
312,白驹过隙应该怎样用，举个例子说明一下？,《罗贯中·三国演义·第一零七回》：“维曰：‘人生如白驹过隙，似此迁延岁月，何日恢复中原乎？’”,1
313,海妖星的升交点黄经是多少呀？,125.637°,3
314,大家知道海妖星的近日点在哪吗？,195.436°,3
315,戏调一词出自于哪个文学作品里？,《宋书·沉怀文传》,6
316,羧甲基纤维素钠的分子式是啥呀，有人知道吗？,c8h16nao8,1
317,孙悟空年龄有多大？,12-46岁,4
318,城隍庙啥时候建立的呀？,公元1064年,5
319,路透社是一家什么样的公司？,上市公司,6
320,有人知道warkey软件有多大吗？,927kb,4
321,城东社区是啥时候成立的？,2006年8月,5
322,有人知道李家村吗，那里年平均气温是多少？,13.5 ℃,4
323,山西大学一共有多少学生？,6000,4
324,白云山地区是什么型的气候？,中亚热带海洋性季风气候,6
325,万达广场是什么时候开业的呢？,2014年12月6日,5
326,国家级成都高新技术产业开发区又被成为什么？,成都高新区（南区、西区）,3
327,燕麦片含有什么成分？,beta葡聚糖，低密度脂肪蛋白，丰富的维生素，钙、磷、铁、锌、锰等矿物质,6
328,茶花女在哪里拍摄的？,波兰,3
329,上海市亭林中学有多少老师呀？,91人（2014）,4
330,请问ipad是什么操作系统的？,ios,6
331,有人知道克里斯蒂安·塔纳塞惯用脚是左脚还是右脚吗？,右脚,2
332,nachi 7320c/db 轴承内径尺寸是多少？,100.0000mm,4
333,我想知道matahariku的发行时间是什么时候？,2009,5
334,阿尔贝托·吉拉迪诺的球衣是几号？,11,4
335,阿尔忒弥斯属于什么族？,奥林匹斯神族,6
336,宕怪星在小行星分类中是什么类？,main belt,6
337,博士来拜是什么尺寸的？,246 x 243 厘米,4
338,行政自由裁量论的条码是什么，有人知道吗？,9.79E+12,4
339,民主党前身是什么？,1792年建立的民主共和党,6
340,我想知道南山站属于哪个公司？,朝鲜总督府铁道局,6
341,孙悦的血型是a还是b？,b型,2
342,大庄严论经是什么年代的作品？,晋朝,5
343,人民公园占地面积有多少？,50000平方米,4
344,使命召唤：现代战争3多少人可以玩呢？,单人多人都可以,1
345,请问城关镇的面积有多大？,7 5．1平方公里,4
346,天枢的赤经是多少？,11h 03m 43.70s,3
347,谁能告诉我奥帝泊有什么组成？,object；,6
348,会说话泰迪熊版本号是什么？,1.0.0.0,1
349,学汉语言的，我想请问一下隶变有什么重要意义呢？,汉字发展史上的一个里程碑,1
350,北京大学艺术学系的办学宗旨什么呢？,美育列为国民教育,1
351,有没有人知道360极速浏览器都有什么语言的版本？,简体中文，英语,6
352,facebook是一个什么样的网站？,社交网站,1
353,时尚造型屋这个游戏目标是什么？,经营时尚造型屋,1
354,巨蟹座的赤纬是什么？,20,4
355,城关镇有火车站吗，是什么站？,独山站,3
356,广东朝野科技有限公司获得过什么荣誉称号？,aaa级中国质量信用企业,1
357,华纳我爱经典系列收录了哪些歌手的歌？,杜丽莎,2
358,使命召唤：现代战争3游戏的画面怎么样？,好,1
359,长乐公主是什么朝代的人？,西魏,5
360,橡树湾小区的物业管理是包给了哪家公司？,华润置地（福州）物业服务有限公司,6
361,三星rv411-s0d用的cpu是什么型号的？,intel 酷睿i5 480m,6
362,三合乡属于哪个市？,黑龙江省林甸县,3
363,有人知道伦贝格有多少人吗？,"3,901",4
364,长沙站是哪年建成的？,老站1912年；新站1977年,5
365,我想请问一下天宁寺在哪个地区？,市内,3
366,南京工业大学浦江学院的邮编是多少呢？,211816,4
367,管理学这本书是哪个出版社出版的？,经济管理出版社,6
368,失乐园的出版时间是什么时候？,6-Oct,5
369,东湖是什么时候开放？,08:00-17:00,5
370,橡树湾的容积率大概有多少？,1.7,4
371,请问一下美团网的年营业额有多少？,160亿元（2013年）[3],4
372,首尔大学有哪些院系？,人文类、工学类、艺术类等,6
373,请问孙悟空的配音都有谁呀？,野泽雅子（日本） 王晓燕、刘艺（中国大陆） 卢素娟、林国雄、谢洁贞（中国香港） 贺世芳、赵明哲、于正升、于正昌、张文仪、李景唐（中国台湾）,2
374,晋青椒4号的审定编号是多少呢？,晋审菜（认）2011008,4
375,玄武是什么身份呢？,天秤座黄金圣斗士,2
376,有人知道卧龙山在哪里吗？,中国 四川绵阳市梓潼县卧龙镇境内,3
377,天龙八部每集有多少分钟？,45分钟,4
378,天宁寺是什么时候建成的？,1993年7月15日,5
379,《霍元甲》由哪个公司制作的？,天津津源影视有限公司，华夏视听环球传媒有限公司，东阳环宇影视文化传媒有限公司，,6
380,索尼kdl-32w650a的定位是什么？,全高清电视,1
381,慈云寺是什么时候修建的呀？,唐代,5
382,请问比亚迪的总部在哪里呢？,深圳市坪山区比亚迪路3009号,3
383,能给我简要介绍一下《神雕侠侣》吗？,由张纪中导演，刘亦菲、黄晓明主演的新版神雕侠侣，于2006年央视首播。,1
384,橡树湾在那个城区？,仓山,3
385,巴夏诺隶属于什么省？,拉蒂纳省,3
386,麻烦你给我介绍一下《红楼梦》好吗？,中国社会科学院文学研究所专家介绍，《红楼梦《石头记》流传，不幸的是八十回后竟“迷失无稿”。程伟元经“竭 力搜罗”补成全书，名为《绣像红楼梦》，于乾隆五十六年（1791年）由萃文书屋活字排印出版。》最初以抄本,1
387,韭葱马铃薯奶油汤需要什么食材？,橄榄油1匙,6
388,american eagle是什么产品的牌子？,男女士服装等,6
389,《犯罪学》全书一共多少个字？,471000,4
390,微波五彩茄子需要什么食材？,紫色长茄2个，香菜2棵，,6
391,机动战士敢达 seed astray的名称是什么？,机动战士敢达 seed astray,2
392,你知道辣条有什么副作用吗？,高血压、腹泻,1
393,制霉素片的用途有哪些分类？,抗生素类,6
394,曲可伸是否为处方药？,处方药,1
395,w酒店属于哪种酒店类型？,酒店[1],6
396,李尔王属于什么级别？,finland:s,2
397,intel 酷睿i7-3770cpu主频是多少？,3.4ghz最大睿频3.9ghz,1
398,古巨基的配偶叫什么？,陈英雪,2
399,西方法律哲学家研究年刊2008是哪种平装？,535页正文语种,1
400,ctx-生物导融技术有什么功效？,提高机体免疫标本兼治,1
401,你知道tcp/ip详解卷1：协议（英文版·第2版）的原名是什么吗？,"tcp/ip illustrated, volume 1 the protocols, second edition",1
402,巴斯克维尔的猎犬属于什么类型？,犯罪，恐怖，悬疑,6
403,你知道萨博的生日是什么时候吗？,1987/2/26,5
404,2001年特拉万卡有多少人？,248,4
405,《华山论剑》在哪个平台上？,pc pc pc,6
406,柱七的光谱分类是什么？,b5iab,6
407,柱七的视星等（v）是什么？,4.744,6
408,金黄甘薯脯是利用什么工艺做的？,煮,6
409,沙漠旋转工地有多难？,4星级,1
410,温泉镇有个什么机场？,威海国际机场,3
411,红的制作人是谁？,和平之月,2
412,黔城人才网网站的名称是什么？,黔城人才网,1
413,tr的全称是什么？,terres reres,1
414,卢卡斯有什么专业特点？,前锋，助理教练,2
415,月季花二名法是什么？,rosa chinensis jacquem.,1
416,你知道和平路多长吗？,约1.6公里,4
417,你知道堇青石是什么颜色的吗？,浅至深的蓝，紫，无色、黄的白,1
418,博略是什么区？,vire,3
419,华硕eahg4670酷翼版的芯片厂商是哪里？,atin,6
420,王军出生在哪里？,中国天津,3
421,奥康集团有限公司在哪里成立的？,浙江,3
422,你知道武定宇的职务是什么吗？,北京联合大学艺术设计系讲师,2
423,西游记是什么时候首播的？,2010年1月3日,5
424,九龙珀丽酒店周围有哪些景观？,香港理工大学、维多利亚港,3
425,柱七的b?v 色指数是多少？,0.34,4
426,莫亚自治区是哪里？,加那利群岛,3
427,htc是什么样的组织形式呢？,股份制,6
428,mx视频播放器的分辨率是多少？,320x480 480x800 480x854,4
429,柱七的u?b 色指数是多少？,-0.46,4
430,新桥镇有什么特色？,最具活力的经济区域—上海,1
431,你知道业个怎么读吗？,yē ge,1
432,大熊座47c多长时间一个周期？,6地球年,5
433,茶花女的imdb编码是多少？,tt0109527,4
434,你知道卡贝的主要作品有哪些吗？,《世界语原文小词典》,6
435,龙泉镇建立的时间是什么时候？,公元700年,5
436,黑色食品的主要食用功效有哪些？,清除自由基，延缓衰老，改善营养性贫血,1
437,是谁监制了射雕英雄传呢？,王天林,2
438,小米手机3是什么时候发布的？,2013/9/5,5
439,海王星距太阳最近有多远？,"4,452,940,833km",4
440,fantasy的专辑语言是哪种？,日语,6
441,海王星距太阳最远有多远？,"4,553,946,490km",4
442,2008年诺基亚有多少员工？,"128,445（2008年底）",4
443,五诸侯一的 r?i 色指数是什么？,[1][2],4
444,微星k8t neo2-f主芯片组是什么样的？,via k8t800pro,1
445,你知道地球半长轴的长度吗？,"149,597,887.5km",4
446,博略的大区是什么？,下诺曼底,3
447,大河边村的国土面积多大？,6.53平方公里,4
448,七彩龙虾有什么特征？,身体呈青绿色,1
449,小行星615发现地是哪里？,海德堡,3
450,微分销的软件名称是什么？,v5shop微信分销系统,6
451,你知道曲可伸是如何服用的吗？,口服。,1
452,游敏是什么时候出生的？,1958年7月,5
453,恒大金碧天下有哪些建筑形式？,联排 独栋 双拼,1
454,文庙属于什么景点级别？,河北省重点文物保护单位,1
455,华优86的选育单位是哪里？,华南农业大学农学系,6
456,絮勒什·马加什是什么政党的人？,匈牙利劳动人民党,6
457,大手町站离高滨多远？,8.5km（起点站：高滨）,4
458,中国农业银行有哪些产品服务？,商业银行、投行、保险和基金等,1
459,怪医黑杰克是由哪些组织制作的？,朝日电视台、松竹、加山兴行会社,6
460,你知道2009年巴夏诺有多少人吗？,"1,662",4
461,微软游戏工作室产品包括什么？,xbox（包括xbox360与xboxone）,6
462,中华人民共和国最高人民法院刑事审判第一庭有什么职责？,处理相关的死刑喊冤案件,1
463,pny 8800u 显卡芯片是什么样的呢？,geforce 8800 ultra,1
464,中国人民解放军空军航空医学研究所附属医院属于什么等级？,三级甲等[2],4
465,截拳道创立于什么时候？,1967年5月,5
466,城关镇有什么著名景点？,悬鼓观 黄山公园,3
467,北京军区政治部战友文工团的代表作有什么？,《郝家村的故事》,6
468,亚马逊中国属什么网站类型？,b2c电子商务网站,6
469,向阳村隶属于哪里？,白水镇中心村委会行政村,3
470,华夏银行注册资本是多少？,68亿元,4
471,你知道吴山的字是什么吗？,岩子,2
472,中国十大瀑布包括哪些？,贵州黄果树瀑布,3
473,侧板属于什么学科？,生命科学总论,6
474,mb200(dext cliq)的外观设计是什么样子的？,3.1英寸,1
475,神州长城装饰工程有限公司的注册资金有多少？,7013.6099万元人民币,4
476,天途的开发商是什么？,战争策略类,2
477,房屋风水学属于什么系列丛书？,国际大师风水系列,6
478,回到过去变成猫属于什么小说性质？,vip作品,6
479,河北金融学院的主管部门是什么？,河北省人民政府,6
480,东北凉菜菜名是什么？,凉菜,1
481,有什么关于新党的基本资料？,1993年8月10日（21年165天） 台北市,1
482,柯尼卡美能达363的接口类型是什么样子的呢？,usb2.0 10base-t/100base-tx,1
483,兰多夫有多重？,95.3公斤/210磅,4
484,nsk 22313轴承的外径有多大？,65mm,4
485,jerry有多高？,183公分,4
486,梅林传奇的官方网站是什么？,http://www.bbc.co.uk/merlin/,1
487,你知道个人存款帐户的种类吗？,个人银行结算账户,6
488,博略insee/邮政编码是什么？,14052 /?14350,4
489,博略人口2人口密度相当于什么？,53/平方公里（140/平方英里）,4
490,俪园的物业类型属于什么？,公寓,6
491,明治大学有哪些主要院系？,法、商、文、农、理工、政経、経営、教养设计、国际日本,6
492,鲁棉研19来源于什么？,鲁613系,6
493,你知道砖庙村属于哪个市吗？,运城市,3
494,阳江市审计局内设了什么机构？,办公室,6
495,第3次吉田内阁的假名是什么？,だいさんじよしだだいにじかいぞうないかく,1
496,你知道铔的部首有几画吗？,5,4
497,你知道石膏的化学式吗？,caso4·nh2o,1
498,你知道万达广场总建筑面积是多少吗？,约86万平米,4
499,2014年克里米亚危机发生在什么时候？,2014年2月23日－现在 （7月3周）,5
500,你知道高村有多少亩耕地吗？,8590亩,4
501,梅花落属于什么类别的诗？,闺情诗,6
502,觅仙路写到哪里了？,完结,1
503,你知道巴斯克维尔的猎犬的分级吗？,italy:t,6
504,你知道lg集团的网址吗？,http://www.lg.net,1
505,你知道高等教育研究的创刊时间吗？,1984年,5
506,技嘉ga-ma69g-s3h的cpu插槽是什么？,am2 940,6
507,新青年的主管单位是什么？,《新青年》杂志社,6
508,民主党的总部在哪里？,430 south capitol street se 华盛顿哥伦比亚特区 20003,3
509,联邦星舰进取号现在处于什么状态？,退役,1
510,立风超市收银系统是哪个版本的？,windows2000,6
511,张杰活跃在什么年代？,2004年－至今,5
512,《人物》的主办单位是哪家？,time warner 媒体集团,6
513,不逊的繁体字怎么写呢？,不逊,1
514,thinkpad x230 232045c是什么处理器型号的？,intel 酷睿 i5 3360m,6
515,益阳市保密局的职能是干什么的？,保密法律、法规、方针政策。,1
516,你知道佐佐木望用日语怎么写吗？,佐々木 望,1
517,柱七的径向速度是多少？,-0.2 km/s,4
518,歇后语是哪种语种里的？,汉语,6
519,博大教育集团属于什么产业？,教育产业,1
520,神道的平文式罗马字怎么写呢？,shintō,1
521,维生素d3属于什么剂型？,滴剂,6
522,金奥聪主要适用于什么症状？,健脑补脑,1
523,生存战争内容的主题是什么？,创造、生存、地狱、冒险,1
524,你知道家庭百科报的出版周期吗？,每周五出报,5
525,是谁导演了巴斯克维尔的猎犬？,maurice elvey,2
526,美尚奢品属于什么行业？,服饰、箱包、鞋帽、配饰、化妆品、手表、礼品,6
527,正睿i2tw2-4638(xeon e5-2609/4gb/500gb/quadro 600)的显示内存是多少？,500gb,4
528,使命召唤：现代战争3主要角色有哪些？,普莱斯，尤里，睡魔，寒霜，马卡洛夫,1
529,卡惠的平台有哪些？,ios，安卓,6
530,马卡龙有哪些存储方法？,冷藏/冷冻保存,1
531,你知道trilogi的项目位置吗？,caydon properties,3
532,《乱世英雄传》的发行商是什么？,成都千与千寻网络科技有限公司,6
533,很纯很暧昧最先在哪个网站发行？,起点中文网,6
534,2009年埃克有多少人？,352,4
535,克里米亚属于哪个国家？,俄罗斯联邦,3
536,hp jornada 720处理器主频是多少？,206(mhz),4
537,页游公平模式的概述是什么？,何为页游公平模式,1
538,会展中心站车站位于哪里？,西安市雁塔区,3
539,西河有多长？,61.8 公里,4
540,《科学》多长时间出版一期？,周刊,5
541,你知道白云山门票多少钱吗？,80元,4
542,《父亲》属于哪个电影等级？,argentina:13，chile:14，france:u,4
543,暴风雨是什么时候上映发行的？,1979年9月13日,5
544,会展中心站经过哪条地铁线？,2号线,3
545,池宇峰的公司叫什么？,洪恩教育科技股份有限公司,6
546,三星nighteffect手机属于什么类型？,音乐手机,6
547,蔡依林都有哪些昵称？,jolin、公主[1]、拼命三娘[2]、地才、流行教主 、亚洲玛丹娜、 亚洲天后,2
548,php动态网站开发哪种纸张？,胶版纸,6
549,御坂美琴是哪个等级的？,超能力者(level 5),4
550,新世界四季御园属哪个板块？,罗湖 ? 莲塘,3
551,金牌大风的产业是什么？,唱片制作发行 音乐版权 电影制作,6
552,技嘉ga-b75m-d2v的内存是什么类型的？,lga 1155,6
553,巴斯克维尔的猎犬的主演是谁？,eille norwood,2
554,龙潭水库什么时候完工的？,1984年,5
555,netgear rnd4210的硬盘容量是多少？,4,4
556,nsk 51217轴承有多厚？,125mm,4
557,蔡依林是什么教育程度的？,台北市立景美女中 私立天主教辅仁大学英国语文学系学士,2
558,bzc51适用什么范围？,户内,1
559,文庙始建于什么时候？,明崇祯十二年,5
560,四川师范大学有哪些知名校友？,欧泽高、杨泉明、李言荣、李承鹏? 李易峰,2
561,夏尔·戴高乐的前任是谁？,勒内·科蒂,2
562,高峰擅长什么运动？,柔道,6
563,萝莉信长养成计划属于什么小说类别？,小说类别,6
564,你知道西红柿焖凤爪的做法吗？,鸡爪洗净,1
565,你知道真福epi-750的额定功率是什么方式的吗？,在线式,1
566,女演员里有哪些代表人物？,巩俐、张曼玉、范冰冰、赵薇,2
567,阿里郎是哪个地区的歌曲呢？,朝鲜,3
568,我想知道三合乡分布了哪些少数民族？,满族、蒙族、朝鲜族,6
569,武汉大学学报（医学版）在咱们国内的刊号是多少呢？,cn42-1677/r,4
570,小行星194的平近点角是多少度？,343.1141588,4
571,我想问一下多沦落猛龙队是啥时候建立的？,1980年,5
572,谁知道巴斯克维尔的猎犬是谁拍摄的？,james welland,2
573,信用控制管理目的在于？,1、树立风险意,1
574,大安区一共有多少户居民？,"5,346户",4
575,新版的《神雕侠侣》制片人是谁啊？,张纪中,2
576,请问htc one发布会是啥时候？,2014年3月25日，10个月前,5
577,无花果按分类来说的话属于哪个亚属？,无花果亚属,6
578,昆西·杜比有什么重要成绩吗？,cba个人单场75分（历史第一） cba总决赛单场53分（历史第一） cba全明星赛单场44分（历史第一） cba总决赛单场三分球记录(10个),2
579,勾股定理是谁提出的？,毕达哥拉斯,2
580,孙中山卸任后谁取代了他的位置？,袁世凯,2
581,泰勒·斯威夫特主要搞什么类型的音乐？,乡村音乐、流行音乐、乡村摇滚,6
582,日本国旗是从什么时候开始用的？,1999年8月13日（法定）,5
583,我想知道关于打电话的一些相关介绍。,来自马季&郭启儒合说的一段相声,1
584,长沙站是几级的车站啊？,一等站,4
585,白色情人节在中国被称为什么？,白色情人节,1
586,amd5000+适用什么类型？,台式cpu,6
587,ddt的全名是什么？,深度死亡体验,1
588,《人物》何时创刊？,1974年,5
589,满招损，谦受益怎么用？,复句式；作补语,1
590,美女与野兽什么时候拍的？,2012年11月,5
591,告诉我一些凤凰山的其他信息？,旧时谷中有盘路，登峰视道中往来行人如蚁。峰顶二石钩连于此，名试心石。旧传朝山者登之，心诚则不动，不诚则摇跌入崖底。,1
592,神雕侠侣由谁作曲？,周华健,2
593,亚历山大一世的父亲是谁？,保罗一世,2
594,梁氏从何起源？ ,自赢姓,1
595,炼金术士的定位如何？,耐久、核心、控制,1
596,校园异灵录的小说谁写的？,综合其他,2
597,siteapp有什么优势？,快速生成 内容自动同步,1
598,minecraft的最新版本有哪些？,pc：1.8.1 tv：0.9.5 android：0.10.5 ios：0.10.5,1
599,琼山中学属于什么类型的学校？,省一级学校 市重点中学,6
600,武汉大学学报的国际刊号是多少？,1671-8852,4
601,湖南省民办教育收费管理办法由哪个单位发布？,湖南省物价局、湖南省教育局,6
602,阿富汗战争由哪些国家参战？,塔利班、基地组织，以美国为首的联军,3
603,王军的具体资料有哪些？,女足u-19青年队主教练,2
604,科学通报的国内刊号是多少？,（中）?11-1784/n，（英）11-1785/n,4
605,东京新国立竞技场在哪里？,日本东京都新宿区霞丘町10番2号,3
606,香洲长途汽车站的具体地址？,广东省珠海市香洲区海滨南路,3
607,华严寺何时建造？,明代万历年间,5
608,雨润国际广场总共投资多少钱？,10亿元人民币,4
609,龘的部首是什么？,龍部（部外笔画：35）,1
610,索尼 affm是什么网络模式？,gsm，wcdma,6
611,尼康p5100的产品有多重？,约 200 g,4
612,胡椒科有多少亚种？,共3100种,4
613,虎牙的本质是什么？,常见的畸形,1
614,微星845pe max2-fisr的cpu是什么类型？,腾4/赛扬4,6
615,许诺多重？,62kg,4
616,离心式加湿器的原理是什么？,离心式转盘在电机作用下高速转动,1
617,城关镇有多少人？,54309人,4
618,安徽合肥沃顿环保技术有限公司的经营理念是什么？,利益共享、 价值为尊、 以人为本,1
619,辛烷的cas号是多少？,583-48-2,4
620,天行者属于什么类型？,动作，剧情,6
621,龙泉镇有什么其他的名字？,王店镇,3
622,明治大学现在的校长叫什么？,福宫贤一,2
623,白胸苦恶鸟印度亚种何时命名的？,"sharpe,1894",5
624,李中言在哪个医院上班？,吉林医药学院附属医院,6
625,宠物情人现在的连载状态如何？,2000年开始连载至2005年完结,1
626,如何祭牛神？,祭日要让牛休息，并用鸡、鸭等祭,1
627,新城中学有多少学生？,1400多人,4
628,延冈市的罗马拼音是什么？,no be o ka si,1
629,死亡日记的配乐作曲叫什么？,air,2
630,哈姆雷特的剪辑叫什么？,girish bhargava,2
631,橡树湾的物业费怎么收取？,3.4元/月/平米,4
632,文峰塔有多高？,48.5米,4
633,小米手机3的处理器是什么？,nvidia tegra4(t)和骁龙800(w/c),6
634,苹果在哪年由谁命名的？,mill.，1768;,2
635,山西大学的校训是什么？,中西会通、求真至善、登崇俊良、自强报国,1
636,木工机械及配件的署名叫什么？,2010中国木工机械及配件采购名录,6
637,地狱少女由谁写的？,永远幸,2
638,橡树湾有多少住户？,5400,4
639,回转式刮泥机是什么结构？,桥架,1
640,数码兽世界：复元怎么发行的？,万代南梦宫（万代名义）,1
641,奉高县有什么历史？,汉武帝元封初年,1
642,陈杰的主要研究方向是？,车辆工程等,2
643,三合乡的特色产业有？,盛产多种鱼类、绿色稻米和优质芦苇,1
644,国立台湾大学的具体地址是？,台北市罗斯福路四段一号,3
645,相变应用在哪个学科？,化学工程-化工热力学,6
646,金堤的说明有哪些？,阳谷县与河南省范县的分界线,1
647,paradise由谁演唱的？,李雅薇,2
648,离心泵是什么材质的？,铸铁.铸钢.不锈钢.氟塑料.玻璃钢,6
649,涿州影视城的经营理念如何？,影视为表、旅游为里，文化为魂,1
650,茂恒园的具体地址是什么？,彩云路18号。物业类型,3
651,李荣浩在什么地方发行？,中国台湾（首发），大陆,3
652,望夫石是什么体裁的？,五绝,6
653,2130酚醛树脂的外观是什么样？,红棕色粘稠液体,1
654,acer x1211k使用什么投影技术？,dlp,6
655,空之境界何时上映？,2007年12月1日,5
656,全美超级模特儿新秀大赛何时播出？,2009年3月4日－2009年（美国）,5
657,河麂又被叫做什么？,獐子 黄子 香獐 马獐 麝、土麝 河麂,1
658,做你的男人是什么语？,国语,6
659,南红玛瑙分布在哪里？,云南保山、四川凉山等地区,3
660,spot卫星的轨道参数如何？,高度为830km,4
661,上海市儿童医院是什么类型的医院？,儿科医院,6
662,蓝影人逃上天的具体操作指南是？,加载完毕点击start game,1
663,五铢钱是什么单位的？,货币,6
664,杜甫祖籍在哪？,湖北襄阳,3
665,西北大学的校长是谁？,morton o. schapiro,2
666,白冰的母校是哪里？,中共中央党校 西北师范大学,3
667,德生cr-1100dsp的外形尺寸如何？,258*148*63mm,4
668,天翼日程什么时候更新的？,2014/6/8,5
669,验证码识别是出于什么原因？,表面方向不连续,1
670,巴斯克维尔的猎犬由谁编剧？,carla von stackelberg,2
671,华纳我爱经典系列有多少曲目？,15,4
672,鹤见站属于哪条线路？,■鹤见线,3
673,城关镇的电话区码是多少？,736,4
674,银河护卫队票房如何？,5.94亿元（中国大陆）,4
675,李宁玉扮演谁？,李冰冰（电影《风声》）,2
676,中国风站是什么类型的软件？,绿色软件,6
677,张立是什么专业的？,医学系,6
678,恐怖鸟是什么时期的？,6400万年前至1万年前,5
679,马科斯·儒尼奥尔·利马·多斯·桑托斯在球场上是什么位置的？,前锋,2
680,渡良濑准是男是女？,男,2
681,溪口镇有多大？,220.72平方公里,4
682,飞魔幻的国际刊号是多少？,cn41-1357/i,4
683,《忘忧草》由谁演唱？,周华健,2
684,精忠岳飞由谁运营？,欢乐园游戏,6
685,kty84温度传感器有哪些特性？,精度等级 0.5%,1
686,吉林艺术学院的具体校址是哪？,自由大路695号、红旗街2077号,3
687,春丽有哪些作品？,《街头霸王》,6
688,钩端螺旋体病肺出血型在哪里就诊？,传染科,6
689,htc one何时上市的？,2014年6月,5
690,江陵之战的结果如何？,吴军获胜,1
691,想你由谁演唱？,张国荣,2
692,氢氧化钾的cas登录号是多少？,1310-58-3,4
693,下寨自然村的年降水量是多少？,1230毫米,4
694,金沙城中心是什么等级的？,五星级[1],4
695,p2p终结者使用什么软件版本？,4.27 最新安装版,6
696,文理书院有多少学生？,1029人,4
697,夏普lcd-37gx3的屏幕比例是多少？,185w,4
698,对天然气管道做了什么备注？,世界管道总长天然气管道约占一半,1
699,美丽风毛菊是什么组？,纤维组?sect. laguranthera,6
700,礼物由谁作词？,楚男,2
701,文峰塔什么时候建造的？,宋代,5
702,越南战争在哪发生的？,越南,3
703,聊斋有哪个公司制作的？,云南电视台、上海影视,6
704,城关镇的邮编区码是多少？,415200,4
705,共青团合肥市委员会的主要职责是什么？,领导全市共青团工作,1
706,新华路有多长？,1060米,4
707,比亚迪有多少员工？,164177（2014年）,4
708,《最游记》最主要的角色有谁？,玩家,2
709,聂氏字辈属于哪个范围？,四川省大部,3
710,剑子仙迹属于哪个星座？,双子座,6
711,线性代数的书号是多少？,36843,4
712,室宿二有多亮？,1500 l☉,4
713,超级星光大道在哪个电视台插映？,中视无线台（星期五22时整全球首播） 中天娱乐台（星期六22时整延播）,6
714,铁狮玉玲珑2的制片商是谁？,台湾好孩子国际娱乐有限公司,2
715,石家庄阳光格瑞酒店距火车站有多远？,7.7公里,4
716,华为s1700-28fr-2t2p传输速率有多少？,28个,4
717,大争之世完成时有多少字？,1452757,4
718,范蓁蓁是什么风格的人？,爵士，简约，文艺女青年,2
719,恒大名都何时开盘？,11-Jun,5
720,刘在石信奉什么宗教？,佛教(参考naver人物和维基百科)[5],6
721,凤凰山在什么地方？,辽宁凤城,3
722,西游记属于哪个国家？,中国大陆,3
723,河南天地粤海酒店离机场有多远？,新郑国际机场 38公里,4
724,广德公主有哪些亲属？,明英宗,2
725,everything的格式如何？,单曲cd,6
726,阳光海岸在哪个地方？,上城 南星,3
727,太平桥有多宽？,2.5米,4
728,闽东语在什么地区？,福建省东部福州、宁德地区,3
729,金享630笔记本无线鼠标使用什么连接方式？,无线,1
730,英国国旗是什么样的？,蓝底，上为白边红色圣乔治十字以及红白交错的圣安得鲁十字。,1
731,珍重的近义词是什么？,保重、珍爱、珍视,1
732,《意林》多少钱一期？,5元/期,4
733,《中国电视》的邮发代号是多少？,2—870,4
734,深圳市博爱医院属于什么类型的医院？,综合医院,6
735,新城中学有多少教职工？,224人,4
736,zte-c s160的网络频率如何？,cdma 800mhz,4
737,三星galaxy mega 5.8是多大的主屏？,5.8英寸,4
738,罗斯福号航空母舰的功率如何？,"260,000马力",4
739,绿维网为谁服务？,提供企业免费发布产品信息平台,1
740,清泰山天仙圣母碧霞元君之印是什么形状的？,顶上雕一对夔龙纹,1
741,疯狂的麦咭何时播出？,4月12日至5月24日,5
742,市中区巡警大队对应哪些科室？,综合科、业务科,6
743,傅博是什么刊物的主编？,《日本十大推理名著全集》、《日本推理名著大展》、《日本名探推理系列》,6
744,城关镇的gdp是多少亿？,8.679亿,4
745,王军属于哪个青年队？,天津队,2
746,溪口镇有多少人？,2.42万（2012年）,4
747,华南虎属于什么科？,豹亚科,6
748,最终试练的单击分类是什么？,单机游戏,6
749,万科城市花园属于什么板块？,住宅,6
750,索尼爱立信t650c有哪些可选颜色？,gsm/gprs,6
751,菲利普的母亲是谁？,保拉王后,2
752,口腔修复属于哪个科室？,五官科 - 口腔科,6
753,中国2010年上海世界博览会有哪些主题？,"城市，让生活更美好better city, better life",1
754,2014世界互联网大会在哪里举办？,永久会址 浙江嘉兴桐乡乌镇峰会[2],3
755,深圳市博爱医院是什么性质的医院？,股份制,6
756,cad教程是什么版次的？,第一版,4
757,茶花女在哪里出版？,法国,3
758,木腰子主治哪里？,失眠多梦、小儿惊吓,1
759,宋宁喜欢做什么运动？,踢球、攀岩,2
760,信息处理适用什么领域？,对经济生活本质描述的细致性探讨,1
761,gba在什么时候发售的？,日本－2001年3月21日,5
762,王皇后的谥号是什么？,孝贞庄懿恭靖仁慈钦天辅圣纯皇后,2
763,益川敏英的主要研究领域是哪里？,高能物理[1],2
764,《生化危机》属于什么类别的游戏？,小游戏,6
765,历史研究每期多少钱？,48.00元/期；288.00元/年,4
766,杰克逊有多少人口？,"5,228",4
767,中法战争最后如何？,法军不胜而胜，签订《中法新约》,1
768,隋宫使用的什么题材？,咏史怀古诗,6
769,少女时代什么时候出道的？,2007年8月5日,5
770,kanon的主要音乐人有？,折户伸治，麻枝准，odiakes,2
771,三星kfr-25gw/wca的空调是什么类型的？,壁挂式空调,6
772,妮可·罗宾是什么职位？,草帽海贼团考古学家,2
773,勾股定理什么时候提出的？,公元前550年,5
774,pdf是什么的缩写？,可移植档,1
775,空之境界是谁写的？,奈须蘑菇,2
776,中国电视报的邮发代号是多少？,1月21日,4
777,潘春春的三围如何？,95、 59、 90,4
778,小棕块进火坑如何开始的？,play game - 然后点击start game,1
779,安兔兔评测什么时候更新？,2015/1/9,5
780,能量因子用于什么？,洗涤用品广告,1
781,坑爹什么意思？,宣泄、不满、感叹、搞笑成分,1
782,美学论集的统一书号是多少？,10078-3124,4
783,白石站的车站什么构造？,地面车站,1
784,长相思还有什么其他名字？,长相思二首、长相思三首,1
785,fag 22210-e1-k+ahx310轴承是哪个品牌的？,系列：调心滚子轴承,6
786,榆林有什么特产？,陕北红枣、绿豆、土豆、小米,6
787,中华医学杂志英文版归哪个单位编辑？,中华医学杂志英文版编辑部,6
788,四川省“十二五”循环经济发展规划的文号是多少？,川办发〔2011〕79号,4
789,襄阳站的管辖权归谁？,中国铁路总公司武汉铁路局,6
790,万科金域华府多少钱一平方米？,8300 元/㎡,4
791,类胡萝卜识别码是多少？,116-31-4,4
792,董建华住在哪？,香港,3
793,氯丁胶乳防水砂浆适用于哪里？,建筑外墙,1
794,企业资源计划有多少页？,392,4
795,迪迦·奥特曼有什么成就？,第一个能变换形态的奥特曼,2
796,沙漠皇帝需要多少钱才能买到？,4500点券/6300金币,4
797,海地人是什么种族的？,蛤蟆人,6
798,请告诉我中山公园站的具体坐标是多少？,31°13′11″n 121°24′39″e / 31.21972°n 121.41083°e,3
799,barracuda bbfi330是什么设备类型的？,链路负载均衡,6
800,使命召唤：现代战争3属于什么系列？,现代战争系列,6
801,一槌定音的近义词是什么？,一锤定音,1
802,民国四大美女属于哪个年代？,民国,5
803,格力kfr-23gw/(23550)fnaa-3是什么冷暖类型的？,冷暖型,6
804,火车wifi的软件平台是？,四川日报报业集团、华西都市网,6
805,坦克世界：将军由哪个公司开发？,wargaming,6
806,岛耕作在什么时期连载？,1983年－1992年,5
807,白石站什么时候启用的？,1903年（明治36年）4月21日,5
808,兰多夫属于哪个运动队？,丹佛掘金队,2
809,2014年意大利世界女子排球锦标赛什么时候举办的？,2014年9月23日 ~ 10月12日,5
810,黑板漂流使用什么方式？,发微博,1
811,皇家奥维多足球俱乐部是什么联赛级别的？,西丙,6
812,唯瑞vewell() 82寸触摸屏v82-t17bl3产品尺寸如何？,82英寸,4
813,minecraft是什么模式的？,创造，生存，极限，冒险，旁观者,1
814,五诸侯一的是视差是多少？,0.03 mas,4
815,时空猎人是什么游戏版本？,5.0 电脑版1.0,6
816,纵贯线的技术数据是多少？,399.8公里,4
817,阴守忍者的日文名怎么写？,陰からマモル,1
818,越王勾践剑现在藏在哪儿？,现藏武汉湖北省博物馆,3
819,城区的行政代码是多少？,140202,4
820,松讯达ts813的尺寸和体积有多少？,11.25×51×15.5mm,4
821,汽车文化是多少开的？,16 开,4
822,三星galaxy mega 5.8的cpu频率如何？,1741mhz,4
823,裙菜排骨汤要制作多长时间？,一小时,5
824,迅扬5830的机箱是什么类型的？,台式机箱 （中塔）,6
825,计算机应用基础有多少字？,470千,4
826,利物浦足球俱乐部能容纳多少人啊？,45364人,4
827,裂鬼是什么类型的小说？,悬疑小说,6
828,h-iia运载火箭有多高？,53米,4
829,硒密度如何？,4.81g/cm?,4
830,铑什么时候被发现的？,1803年,5
831,《i》是什么音乐风格的？,流行、摇滚,6
832,新思维英语教师用书1是什么分类的？,图书?>?>?其它分类,6
833,海王星被谁发现的？,"奥本·勒维耶、伽勒,亚当斯",2
834,碳化钙的熔点是多少摄氏度？,2000℃,4
835,佐佐木望是什么血型的？,o型,6
836,门下士是什么意思？,).学生,1
837,成都第二国际机场属于哪个市？,简阳市,3
838,成都中医药大学附院针灸学校何时创建的？,1960年（庚子年）,5
839,疯狂的麦咭属于哪个国家的？,中国,3
840,胡安·阿兰戈是哪个国家队的？,120,3
841,吉祥寺被俗称为？,急水庵,1
842,武汉大学学报有哪些主要栏目？,基础医学、临床医学、经验与方法,6
843,东莞市石龙亨通五金厂的法人代表叫什么？,李刚,2
844,真 · 巨武器破坏者护肩需要多少等级？,57,4
845,罗勒煎鳕鱼怎么操作？,新鲜的罗勒洗净,1
846,sv-98狙击步枪是多大的口径？,7.62mm,4
847,黄勇是什么学位的？,工学学士,2
848,万达广场在哪个城市？,哈尔滨市,3
849,robotics;notes 机器人笔记在哪个杂志连载？,月刊comic blade,6
850,巴斯克维尔的猎犬的英文片名是什么？,soviet union:154 min,1
851,九阳dj12b-a17d的容量如何？,1.0-1.2l,4
852,上海市闸北妇幼保健院能否用医保？,有医保,1
853,叶静子是什么背景的？,叶剑英元帅孙女,2
854,氟硝西泮的性状如何？,淡黄色结晶性固体,1
855,丰富衣橱2是什么类型的游戏？,装扮小游戏,6
856,复写纸杯是什么？,一款极具个性与创意的复写纸杯，,1
857,恶灵兽的称号是什么？,年兽/邪恶之王,1
858,武媚娘传奇在哪个平台播放？,爱奇艺，搜狐视频,6
859,平常这部电视剧一共有多少集？,48集（dvd、网络）/40集（电视台）,4
860,魔迷曦月是什么类型的小说？,奇幻,6
861,叶冰瑶是什么性格的？,善良，天真，坚强，率真,2
862,新湖香格里拉是什么类型的建筑？,联排 独栋,6
863,2014男朋友标准是什么？,身高175-182cm、体重60-80kg,1
864,铔用五笔怎么输入？》,qgog,1
865,唐寅号什么,六如居士、桃花庵主、鲁国唐生,2
866,庚家女战士使用什么口号？,热闹素偶棉的特点,1
867,狂仙是什么授权状态？,a级,1
868,豹2e主战坦克原本产自哪个国家？,德国、西班牙,3
869,名校使用什么语言？,国语,6
870,月光由谁演唱？,徐良l 阿悄,2
871,城关镇有哪些名企？,密饯厂,6
872,城隍庙什么时候开始建造的？,北宋皇佑三年,5
873,武则天有哪些主要成就？,废唐，改国号为周；中国历史上唯一一个正统的女皇帝；上承贞观之治，下启开元盛世,2
874,芯节能的技术特点如何？,创新真空多元发泡技术,1
875,雷霆之怒，逐风者的祝福之剑属于何等物品等级？,80,4
876,开封县第一人民医院属于哪种等级的医院？,二级甲等,4
877,宙斯的子女是谁？,雅典娜（女儿）阿波罗（儿子）阿尔忒弥斯（女儿）赫淮斯托斯（儿子）阿瑞斯（儿子）赫拉克勒斯（儿子）,2
878,kanon由谁配音？,杉田智和，堀江由衣，国府田麻理子，田村由香里，佐藤朱，饭冢雅弓,2
879,白石站的月台配置是怎样的？,2面4线,1
880,对讲机电池的容量如何？,600mah、800 mah、1100 mah等,4
881,益安宁丸是否纳入医保范围内？,未纳入,1
882,微机原理与接口技术何时印刷？,2008/5/1,5
883,中正路哪里是起点？,三多一路、建军路,3
884,纸牌12合1属于什么软件类型？,完全免费,6
885,天主教维多利亚教区的基本资讯如何？,加拿大,1
886,美的sh2120的电源是多少瓦的？,2100w,4
887,告诉我贝克山的具体座标是多少？,0°22′00″n 29°54′00″e / 0.36667°n 29.90000°e坐标：0°22′00″n 29°54′00″e / 0.36667°n 29.90000°e,3
888,香港信贷的主要上市市场是哪里？,香港交易所,3
889,中国国家足球队的外文队名叫什么？,china national football team,1
890,fag 32926圆锥滚子轴承使用哪种型号？,32926,4
891,南昌工程学院简称什么？,昌工,1
892,流氓高手总的点击率怎么样？,14384590,4
893,swot分析法应用哪些领域？,各个领域,6
894,惠普 hp com1600 4400毫安笔记本电池属于什么类型？,锂离子电池,6
895,下岗是什么意思？,指离开执行任务的岗位；,1
896,红在哪里录制的？,"nashville (blackbird studios, pain in the art studios); 洛杉矶 (ballroom west, conway studios, enormous studios, the village); north hollywood (marlay studio); topanga canyon (the garage); santa monica (ruby red productions); 斯德哥尔摩 (mxm studios)",3
897,奔跑吧兄弟由谁主演？,邓超、王祖蓝、王宝强、李晨、陈赫、郑恺、杨颖（angelababy）,2
898,金秀贤有哪些特长？,跆拳道黑带，攀岩，潜水，滑雪,2
899,成贵高铁的速度如何？,250公里/小时,4
900,上海市建筑市场管理条例何时通过的？,2014年7月25日,5
901,自由党的主席是谁？,周梁淑怡,2
902,承德避暑山庄何时修建？,1703年,5
903,风雨归舟图原本属于谁？,谢彬绘,2
904,西湖有多大？,6.39平方千米,4
905,黑芝麻沙拉面包在制作中有什么注意事项？,1面团发酵好要压面排气,1
906,红龙山药运动员是否慎用？,非慎用,1
907,梁家庄村有多少人？,796人,4
908,贷本经商属于什么类别？,徽商资本,6
909,的的喀喀湖有多高？,3812米,4
910,西湖记载在哪儿？,《新开隐山记》,6
911,23226cck/w33轴承的系列有哪些？,"球面滚子轴承, 圆柱和圆锥孔等",6
912,重庆小面的主要工艺有哪些？,煮、拌,1
913,腾讯由谁创办？,马化腾,2
914,淡定哥出了什么事儿？,交通事故,2
915,中华人民共和国行政诉讼法何时施行的？,2015年5月1日,5
916,passion的时间长度是多少？,43分51秒,4
917,犬瘟热有什么传染性？,有传染性、高,1
918,丰富衣橱2的游戏有多大？,2065k,4
919,益友螺旋藻有哪些成分？,蛋 白 质: 55-70g,6
920,孙建军是什么职位？,教授,2
921,西湖在哪个地区？,湖北省黄冈市,3
922,三剑客有什么颜色？,彩色,1
923,月光的mv导演是谁？,彭宥纶,2
924,htc one有多大内存？,"rom: 16 gb, ram: 2 gb",4
925,格兰仕kfr-32gw/dlp45-130的空调匹数是多少？,：小1.5p,4
926,中山路的终点是哪里？,淮浦南路,3
927,女神联盟有哪些奖项？,2013页游&移动游戏峰会十佳页游,1
928,优派mw291鼠标的最高分辨率是什么？,无线,4
929,上海佳豪主要经营什么？,各类运输船舶和海洋工程装备设计,1
930,桑佛大学的网址是？,http://www.samford.edu/,1
931,董小飒有哪些绰号？,董弱鸡、董欢欣、董记龙、董日蟹,2
932,鲁大师由谁开发？,鲁锦,2
933,破产清算会计主要负责什么业务？,审计会计报表、验证资本、,1
934,陈宁的临床职称是什么？,南京医科大学附属口腔医院副院长、教授,2
935,越南战争的指挥官和领导者分别是谁？,胡志明 黎笋 武元甲 文进勇 黎仲迅 范文同 黄文泰（英语：hoàng v?n thái） 陈文茶（英语：tr?n v?n trà） 阮文灵 阮友寿 ...及其他（英语：leaders of the vietnam war）,2
936,网上检索引擎如何工作？,全文搜索引擎,1
937,幻梦公会的游戏名字是？,剑侠情缘一/二/外传,6
938,孙策属于什么官职？,殄寇将军→讨逆将军，会稽太守,2
939,仙魔变的标签有哪些？,动作 对战 英雄,1
940,创舰cjc-368使用什么音箱系统？,2.0声道,6
941,微星k9a2gm-fih使用什么集成芯片？,声卡/网卡,6
942,贸易自由化原则遵循什么原则？,关税减让原则,1
943,贝复舒滴眼液的主要成分是？,重组牛碱性成纤维细胞生长因子,6
944,the wanted有哪些成员？,max,2
945,倩女幽魂由谁制片？,温嘉文 钟珍 叶百全 周国忠,2
946,凤凰山怎么走？,位于邹城东北40公里，田黄、城前、张庄三个镇的交界处。,3
947,dutch如何发音？,kk: [d?t?],1
948,摩托罗拉zante 有多重？,150 克,4
949,王强的其他作品有哪些？,《秋天不回来》《不想让你哭》等,6
950,地缚神的复活的卡片种类是？,64187086,6
951,中山桥有多宽？,50米（160英尺）,4
952,车太铉的原文名怎么写？,???,1
953,最游记的动画制作由谁负责？,东京kids（日语：東京キッズ）,2
954,海尔bcd-231wdcv的总容积是多少？,231l,4
955,博略属于哪个政府？,jean-pierre ballé,3
956,辛集镇使用什么方言？,河南话,1
957,泰坦尼克号的制片成本是多少？,2.3亿美元,4
958,落水洞村的平均气温是多少？,15.00℃,4
959,请对佩皮尼昂－菲格雷斯高速铁路描述一下概览？,法国佩皮尼昂 ?西班牙菲格雷斯,1
960,首尔sk骑士是谁的主场？,首尔,6
961,雧的郑码是多少？,ninf，u：96e7，gbk：eb7d,1
962,摩根大通总资产有多少？,2.5万亿美元,4
963,《兄弟》主要获得了哪些奖项？,多次斩获全国各地收视冠军，并夺得北京电视台颁发的“最佳收视贡献奖”。,1
964,蓪总共有多少笔画？,17,4
965,nsk mr117/mr117zz轴承的品牌叫什么？,微型深沟球轴承,6
966,广州恒大淘宝足球俱乐部的主教练叫什么？,卡纳瓦罗,2
967,乐力钙的批准文号是多少？,国食健字g20070361,4
968,元素英雄神·新宇侠的卡片密码是多少？,31111109,4
969,枣林站是什么等级的车站？,现为四等站,4
970,第3次吉田内阁的罗马字怎么写？,daisanji yoshida dainiji kaizō naikaku,1
971,福特野马的生产厂商是谁？,美国福特汽车,6
972,零口站的邮编是多少？,710607,4
973,赵光祖的汉字怎么写？,趙光祖,1
974,高田ic 与起点有多少距离？,0.0km（起点：高田ic）,4
975,李明何时死的？,1933年,5
976,华硕公司的口号是什么？,"华硕品质,坚若磐石",1
977,陀螺戰士何时播出？,2001年1月8日－2001年12月24日 2002年3月28日 - 2002年10月1日,5
978,n-i运载火箭的直径有多长？,2.44米（8.0英尺）,4
979,迪·布朗的职业生涯如何？,伊利诺伊大学,2
980,陶圆梦的品质如何？,精选最上等的高原牦牛骨粉,1
981,天宁寺什么时候建造的？,后周文顺二年（952年,5
982,大手町站的车站编号是多少？,m 18,4
983,十二生肖之马上就好属于哪个机构？,安徽电影集团有限责任公司,6
984,hp pavilion dv2304tx的显示屏是什么尺寸的？,intel,4
985,纤维水泥板的生产厂家有？,金特建材,6
986,林肯县统计了哪些资料？,"february 20, 1796",1
987,徐州市淮海西路中心小学有多少在校生？,900人,4
988,难波圭一隶属哪里？,青二production,3
989,华南虎是什么亚种？,华南虎亚种,6
990,美丽中国古老长城属于哪个部门负责？,国家旅游局,6
991,维纳斯和阿多尼斯何时创作的？,约1847年,5
992,thinkpad x61s 7666ku1使用哪种芯片组？,intel gm965+ich8-m,6
993,上海市建筑市场管理条例什么时候实施的？,2014年10月1日,5
994,赵炳新从事什么行业？,产业网络理论及应用,6
995,忍者神龟预算是多少？,1.25亿美元[4][5][6],4
996,美淘家属于什么行业？,家居,6
997,凯尔·科沃尔通过哪个nba选秀？,2003年第二轮第22位被76人队选中,2
998,独医无二通过哪个平台连载？,起点中文网。,6
999,王海是什么军衔？,空军上将,2
1000,上海绅公馆属于什么星级水平？,五星级,4
1001,花都兵王有多少字？,285639,4
1002,宋勇属于哪个党派？,中国共产党,6
1003,声籁em350 如何佩戴？,头戴式,1
1004,hp pro 3000 mt vk190av使用什么cpu型号？,int el 奔腾双核 e6600,6
1005,铁锌钙咀嚼片是什么规格的？,片剂,1
1006,维多利亚号邮轮有多少客房？,964间,4
1007,爱仕达ap-y5006使用多大功率？,900w,4
1008,buzzsaw的资费提示如何？,免费,1
1009,马克思主义民族理论与政策专业硕士研究生点有哪些学校？,内蒙古自治区 (10126)内蒙古大学,6
1010,tt spedo vi90001w2z的机箱结构如何？,游戏机箱,1
1011,血型性格学说有何缺点？,挑剔，压抑，固执，紧张，复仇心强,1
1012,htc one有哪个商家生产？,htc,6
1013,东风村地处哪里？,麻布岗镇北部,3
1014,南圣本图有多少人？,"9,620",4
1015,香港的地标建筑有？,天坛大佛,3
1016,mobb deep的相关团体有哪些？,"infamous mobb, wu-tang clan",6
1017,智能家居使用什么技术？,综合布线技术、网络通信技。,1
1018,新风街车位情况如何？,十分紧张,1
1019,拉里·约翰逊有多高？,6英尺7英寸（2.01米）,4
1020,拉里·约翰逊的体重有多少？,235英磅（107千克）,4
1021,浮世沧声的翻唱作品有？,翻唱：胭脂殇,6
1022,张圩村有多少党员？,108名,4
1023,2011中日韩国际供热采暖、热泵空调产品与技术展览会何时展览？,2011/8/25至2011/8/27,5
1024,自主创新产品政府首购和订购管理办法有哪个单位发文？,财政厅,6
1025,孙悟空还被叫做什么？,孙大圣，孙行者，行者孙，者行孙,2
1026,樟树有哪些知名产业？,中药文化、酒文化、盐业,6
1027,倪萍有哪些其他成就？,"中国电影金鸡奖最佳女主角, 中国电影华表奖最佳女主角, 中国广播影视星光奖最佳主持人, 中国广播电视节目主持人金话筒奖",2
1028,数控技术的asin是多少？,b003icxpfo,4
1029,白马河由哪里发源？,山西寿阳县西部要罗山麓的颉家河村,3
1030,在哪些地区流行过三月三？,广西,3
1031,天浆的词义是？,①天上的饮料、浆汁,1
1032,沈从文的笔名叫什么？,甲辰，上官碧，璇若,2
1033,欧达hdv-z68的有效像素是多少万？,500万,4
1034,世格软件需要注意什么？,非信用证方式下，此步骤省略。,1
1035,请问排毒美肌足疗馆的装修风格是什么？,平装,1
1036,请问诺基亚asha 200 的外观是什么样的？,和诺基亚asha 2010,1
1037,请问奋达c10流金岁月的音箱是什么类型的啊？,：电脑音箱,6
1038,请问咬药锭这个处方来源是什么啊？,《外科十三方考》,6
1039,请问要听爸爸的话！总共有多少册？,17卷 14卷,4
1040,"请问2-氧代-1,5-戊二酸的中文别名是什么？",2-氧代戊二酸;,1
1041,请问弗吉尼亚级核潜艇数量是多少？,30艘/5艘建造中竣工11艘服役[1],4
1042,请问活络贴的规格是什么啊？,12*15cm 5/10贴,1
1043,请问重庆亿新建筑工程有限公司的基础是什么？,建筑安装工程,6
1044,请问王军的学历是什么？,教授,2
1045,请问布拉德利在场上的职位是什么啊?,教练,2
1046,请问开发必应这个软件的公司是什么？,微软公司,6
1047,请问《远大前程》的主要演员是谁？,是安,2
1048,请问韩晓的属相是什么？,狗,2
1049,请问关于做好第二批教育实践活动查摆问题、开展批评工作的通知的要求是什么？,从严从实找准突出问题,1
1050,请问小笼包属于哪种分类？,面点，,6
1051,请问女皇的代表是谁？,武则天,2
1052,请问宋慧乔喜欢做什么？,游泳,2
1053,请问阿瑞斯的父母是谁？,万神之王宙斯（父） 众神之后赫拉（母）,2
1054,请问守护甜心之仇恨的心这本小说现在的状态是什么？,已完结,1
1055,请问三星s5830i的屏幕尺寸是什么？,3.5英寸 480x320像素,4
1056,请问铔的四角代码是什么？,81712,4
1057,请问孝慈高皇后的名字是什么？,不详,2
1058,请问海南虎斑鳽用中文拼音怎么拼？,hǎi nán hǔ bān yan,1
1059,请问艾奇视频电子相册制作软件的软件授权是什么？,共享软件,1
1060,请问koyo 45236轴承的内径是多少？,180mm,4
1061,请问文明5的运行环境是什么？,winxp/winvista/windows7/8[1],1
1062,请问动态城堡有多高？,420米,4
1063,请问烟火是由谁作词作曲？,李子恒,2
1064,请问学不会这首歌出自哪个专辑？,：壁虎漫步,6
1065,请问至少还有你是由哪个公司出品的？,维京音乐（virgin music）,6
1066,请问南京总统府的建筑年代是什么？,明朝-中华民国,5
1067,请问肯辛通62220的适用机型是什么？,15寸屏幕笔记本,6
1068,请问2-氰基-2-甲基丙酸乙酯的cas值是什么？,1572-98-1,4
1069,请问kill的反义词是什么？,save ?spare,1
1070,请问与祖逖智退桃豹兵有关的人物是谁？,祖逖,2
1071,请问香港信贷的上市代码是多少？,1273,4
1072,请问阿伯丁的夏令时间是什么啊？,pdt（utc-7）,3
1073,请问许志安的婚姻现状是什么？,已婚,2
1074,请问普渡大学的老师有多少?,"6,614",4
1075,请问乳晕的主要症状是什么？,乳晕发黑，乳晕大,1
1076,请问脱硫脱硝成套设备是什么系统？,氢氧化镁浆液制备系统,6
1077,请问大长今的韩文是什么？,??,1
1078,请问中国长江三峡集团公司的董事长是谁？,卢纯,2
1079,请问越南战争发生的日期是？,1955年11月1日[1]–1975年4月30日 (19年5月4周又1天),5
1080,请问中国国家足球队的角逐赛事有哪些？,fifa世界杯、afc亚洲杯,6
1081,请问《远大前程》是在哪里发行的？,大陆,3
1082,请问宾利的主要产品有哪些？,欧陆、飞驰、慕尚、雅骏、雅致,6
1083,请问熊猫看书适用于哪种手机？,m8,6
1084,请问明基gl2750这种产品是哪种类型的？,led显示器,6
1085,请问迈克尔·乔丹在哪里上的大学？,北卡罗莱纳大学教堂山分校,6
1086,请问伊藤加奈惠出道时的作品是什么？,《守护甜心！》日奈森亚梦,6
1087,请问海王星有多重？,1.0247e26千克,4
1088,请问中国人民解放军海军现在的规模有多大？,现役23.5万人 舰船300余艘 飞机600余架 航空母舰1艘 船坞登陆舰3艘 驱逐舰24艘 护卫舰66艘 潜艇70艘 导弹快艇80余艘,1
1089,请问松平片栗虎的声优名字是？,若本规夫（日本）,2
1090,请问koyo 32fc23170轴承的外径是多少？,230mm,4
1091,请问拥有北京八喜联合竞技足球俱乐部的集团是？,北京控股集团,6
1092,请问铔的unicode名称是？,cjk,1
1093,请问乔丹体育股份有限公司是在哪里成立的?,福建泉州晋江,3
1094,请问黄真伊在台湾又称为什么？,黄真伊 一代名伎黄真伊,1
1095,请问给三家冲组命名的人是？,黄汲清，徐克勤,2
1096,请问魏国的首都在哪里？,安邑,3
1097,请问有种你爱我的出品人是谁？,冯凯帅??关旭?相贤古,2
1098,请问timken 1986/1932-b轴承是哪个系列的？,带法兰单列,6
1099,请问梅江流域的面积有多大？,13929平方公里,4
1100,请问投资新余市泉州工业园是哪个公司？,香港信诚集团（国际）有限公司,6
1101,请问《忘忧草》的作词者是谁啊？,陈没,2
1102,请问裘锦秋中学现在的教师人数有多少？,52人,4
1103,请问下高吉2011年的人口有多少？,99,4
1104,亲吻真恋～寄语枫秋～的发行阶段是什么？,已发行,1
1105,请问守望者又被其他地方翻译为什么？,青春夜行,1
1106,请问厉以宁获得了什么荣誉？,福冈亚洲文化奖,2
1107,请问增城宁西镇泰学校总共有多少个教学班？,33个,4
1108,请问初一具体在哪一天？,农历每月第一天,5
1109,请问陆鹏安擅长哪些科目？,生化、数学,2
1110,请问意尔康总共有多少职员？,15000人,4
1111,请问氢氟酸的沸点为多少？,112.2℃,4
1112,请问极品卧底这本小说的书号是多少啊？,335327,4
1113,请问毒驾的影响是什么？,多人伤亡的恶性交通事故,1
1114,请问内2优111的品种名称是什么？,内2优111,6
1115,请问白泥井村的降水量为多少啊？,年降水量1100 毫米,4
1116,请问盎格鲁人是哪个国家的人？,丹麦,3
1117,请问深圳市博爱医院的具体地址在哪里？,广东省深圳市罗湖区红岭中路2056号,3
1118,请问堀田站属于哪个铁道？,名古屋铁道,3
1119,请问魏武侯谋事的主角是谁？,魏武侯,2
1120,请问民主党是在什么时候建立的？,1828年（现代） 1792年（历史）,5
1121,请问奇瑞z5的最大功率是多少？,170马力,4
1122,请问新和村的常住人口有多少？,722,4
1123,请问蓟县西龙虎峪乡卫生院是哪年建立的？,1970,5
1124,请问后宫甄嬛传可以在哪里播出？,台湾,3
1125,请问山东大学的员工有多少啊？,10200人（教职工，含威海校区和3所附属医院）[7],4
1126,请问红米有哪些颜色？,中国红、金属灰、象牙白,6
1127,请问陌生人是在哪年出品的？,2005年,5
1128,请问和平村管辖了什么？,1个村民小组,1
1129,请问北影gt240 阿波罗 tc1g的核心频率是多少啊？,550mhz,4
1130,请问病毒i-worm/dumaru.b的长度为？,33k,4
1131,请问天盛（m60）主要出产的作物是哪种？,西甜瓜,6
1132,请问中国石油天然气第七建设公司是什么类型的企业？,建筑施工企业,6
1133,请问西安交通大学软件学院的院长是谁？,王飞跃,2
1134,请问三星galaxy mega 5.8（i9158/移动版）的电池容量是多少？,2600mah,4
1135,请问半岛铁盒z5的二级缓存为多少？,256mb,4
1136,请问《忘忧草》的作曲者是谁？,宇德敬子,2
1137,请问北京地铁亦庄线能够行驶的最高速度是多少？,80公里/小时,4
1138,请问鸳鸯胶适用范围是什么？,防水封边,1
1139,请问恶作剧之吻是哪个国家制作的？,韩国,3
1140,请问国际电机与系统大会是哪个学会主办的？,中国电工技术学会（ces）,6
1141,请问继发性肝癌的发病部位在哪里啊？,肝脏,6
1142,请问合肥站的站台数目有多少啊？,9,4
1143,请问格勒尔斯多夫在2005年有多少人口？,880,4
1144,请问众泰z500的参考价格是多少？,9-13万,4
1145,请问龙潭水库的集水面积有多大？,156平方公里,4
1146,请问感染清除者秒伤为多少？,82.6,4
1147,请问旭光村属于哪个乡镇？,撮镇镇,3
1148,请问卜宅（南宋·陶庚四）的正文是什么？,卜宅南山下，依然气象新；,1
1149,请问徐筠现在的职务是？,专家教授,2
1150,请问海尔bcd-231wdcv的能效能达到几级？,1级,4
1151,请问怎么操作浣熊超人？,方向键控制浣熊超人移动,1
1152,请问薪酬管理印刷次数有几次？,3,4
1153,请问高田ic 连接了哪些道路？,富山县道、石川县道18号冰见田鹤滨线,3
1154,请问春蕾是哪种品种类别？,桃树,6
1155,请问三大自然灾难之谜发生在什么时候？,公元1626年5月30日,5
1156,请问aniplex的母公司是什么？,索尼音乐娱乐（全资）,6
1157,请问intel core 2 duo e6700 的制作工艺是什么？,65nm,1
1158,请问依空法师主编了哪本书？,《中国佛教百科全书》,6
1159,请问刘长春是什么时候入党的？,1996年4月,5
1160,请问主要导致幻想症的病因是什么？,处在郁闷和压抑中,1
1161,请问大龙潭村的耕地总面积总共有多大？,125亩,4
1162,请问浙江百世物流科技有限公司的企业精神是什么？ ,成就商业?精彩生活,1
1163,请问河捞面是什么品种的面食？,一种古老的面食品种,6
1164,请问悉尼足球俱乐部参加了什么联赛？,澳大利亚职业足球联赛,6
1165,请问巴纳德星温度有多高？,"3,134 ± 102k",4
1166,请问南昌工程学院的校训是什么？,忠信笃行，自强不息,1
1167,请问长海医院总共有多少张病床？,1800余张,4
1168,请问龋齿牙痛这种病常见发作人群为？,幼儿，老年人,1
1169,请问薇甘菊是谁命名的？,"kunth, 1820",2
1170,请问邮政局的局长是谁？,马军胜,2
1171,请问最游记总共有多少话？,全55话,4
1172,请问鸿基9600gt sp48 龙骨少帅版(tc1g)的显存位宽是什么？,128bit,4
1173,请问东莞宏其纺织染整助剂厂有限公司的经营模式是什么？,私营独资企业,1
1174,请问神雕侠侣的主题曲是什么？,《神话.情话》,6
1175,请问方正fp160xw的对比度多少？,500:01:00,4
1176,请问鹿豚属于哪个亚纲？,真兽亚纲,6
1177,请问王静在哪里工作？,北京国医中联医院,6
1178,请问雪丰钢铁的总资产是多少？,22.46 亿,4
1179,请问食品中总砷及无机砷的测定是在哪天实施的？,2003/8/11,5
1180,请问湖北志诚化工科技有限公司的固定资产有多少？,3800多万元,4
1181,请问《活佛济公》总共有多少集？,42集,4
1182,请问城关镇出过哪个名人？,庄子,2
1183,请问爱国歌是在什么时候被采用的？,1948,5
1184,请问赵光祖的马-赖式名称是什么？,cho kwangjo,1
1185,请问大雄的恐龙日语假名是什么？,のびたのきょうりゅう,1
1186,请问九龙巴士5a线能途径哪里？,尖沙咀码头,3
1187,请问东海大桥是在什么时候开工的啊？,2002年6月26日,5
1188,请问去么龙村的交通状况如何？,方便,1
1189,请问多少人参与了斯摩棱斯克战役？,"130,000人",4
1190,请问永盂被收藏在哪里？,西安市博物馆,3
1191,请问一仆二主是哪个公司出品的？,新丽传媒出品，尚世影业,6
1192,请问三隧的词语解释是什么？,犹言三道,1
1193,请问怎样才能联系到天主教维多利亚教区啊？,http://www.rcav.org/,1
1194,请问治大国若烹小鲜的出处在哪里？,老子《道德经?》第六十章,6
1195,请问伊芙丽起源于哪里？,"elegant i,faith i,natural i",3
1196,请问win32.vb.za.1097504的威胁级别是什么？,1,4
1197,请问卢布的其他外文名是什么？,российский рубль 俄文,1
1198,请问水果有哪些不同的味道？,酸甜、清淡,1
1199,"请问1,8-萘二甲酸酐的cas号是多少？",81-84-5,4
1200,请问kodakimg.exe这个进程的名称是什么？,kodak imaging,1
1201,请问我还活着是在什么时候发行的？,2012年3月7日(pc),5
1202,请问付辛博从属于哪个经纪公司？,奇创幻想,6
1203,请问和君正德人力资源机构是哪个国家的机构？,中国,3
1204,请问高田ic的记号是什么？,高田,1
1205,请问《远大前程》是在什么时候进行首播？,2013年,5
1206,请问汉斯·亚当二世在位了多长时间？,1989年11月13日至今 （25年89天）,5
1207,请问宏碁的营业额是多少？,▼ 3298亿3500万新台币 (2014)[1],4
1208,请问什么时候可以进行台北联营公车247路线的服务咨询？,06：30～20：30,5
1209,请问脱狱暗夜传说可以在别的什么平台上使用啊？,诺基亚,6
1210,请问yotaphone 2的网络制式是什么啊？,支持4g网络[3],6
1211,请问利盟 x652de包含了哪些功能？,复印/打印/扫描/传真,1
1212,请问星野飞鸟是哪年开始举行的？,2004年(水着),5
1213,请问共通通讯vd500的网络类型是什么？,cdma,6
1214,请问与宫相关的节目有哪些？,英才的全盛时代,6
1215,请问汕头市正全网络科技有限公司致力于什么工作？,webgame游戏开发,1
1216,请问沉香树大概有多高？,5~18米,4
1217,请问与关铃相关的文献有哪些？,水浒传,6
1218,请问富莱克阀2850st的工作温度为多少啊？,0.2mpa—0.6mpa,4
1219,请问阿伯丁的人口密度有多大？,598.0/km? (1548.8/mi?),4
1220,请问加油的英文怎么说？,come on,1
1221,请问南区属于哪个部门？,北海道 石狩振兴局,6
1222,请问e-3lue宜博魅影狂蛇gm05-r鼠标 的鼠标接口是什么？,usb,6
1223,请问感染清除者的能卖多少钱？,19金23银61铜,4
1224,请问悦富强城的产前年限是多少年？,70,5
1225,请问依丝娜的武器是什么？,闇之镰暗黑巨镰,6
1226,请问二战经典战役全记录的版权属于哪个公司？,北京兴盛乐书刊发行有限责任公司,6
1227,请问感染是一种传染病吗？,是,1
1228,请问四喜丸子属于哪种菜系？,鲁菜,6
1229,请问鼎湖紫珠属于哪种系列？,纵裂药系,6
1230,请问nachi 681a/672轴承的型号是什么？,681a/672,6
1231,请问亮氏情歌出自哪张专辑?,《你到底爱谁》《亮·情歌2》,6
1232,请问天津市工商业联合会金属材料业商会这个机构属于什么类别？,商会,6
1233,请问巴布亚新几内亚属于哪个洲？,南美洲,3
1234,请问itunes是什么许可协议的软件？,免费应用软件,6
1235,请问龙潭水库的具体位置在哪里？,重庆市酉阳土家族苗族自治县,3
1236,请问恒大名都的装修情况是什么？,精装修,1
1237,请问南港北出入口的ic编号是什么啊？,4月2日,4
1238,请问htc aria手机的制式是什么？,gsm，wcdma,6
1239,请问绿釉陶楼是在哪里出土的？,安徽涡阳大王店,3
1240,请问斐讯fs3800-16的应用层级有多高？,二层,4
1241,请问ntn 6012zz轴承的内径有多大？ ,60,4
1242,请问项目信息发布的前提是什么？,项目沟通计划,1
1243,请问教育科学研究成果应该具有什么特点？,具有研究价值,1
1244,请问斯摩棱斯克战役中伤亡与损失的人数有多少？,"11,000人",4
1245,请问是谁出版了《食虫植物》啊？,academic press,2
1246,请问明治大学的知名校友有哪些？,三木武夫、村山富市、高仓健,2
1247,请问nec 1530v的动态对比度为多少？,：200:1,4
1248,请问渔翁岛灯塔的频率是多少？,每5秒闪白光1次 〈明3秒、暗2秒〉,4
1249,请问apples组合的腾讯微博名称是什么？,angela,2
1250,请用wrl举一个例子？,#vrml v2.0 utf8,1
1251,请问芈的部外笔画有多少？,5,4
1252,请问女孩堆雪人这个游戏是属于什么分类呢？,换装,6
1253,请问夜店这部影片名称是什么啊？,夜店,6
1254,请问回旋式电子加速器mib系列的产品特点是什么？,小焦、图像清晰度好,1
1255,请问h-iia运载火箭的发动机是什么？,srb-a,6
1256,请问遵从三位一体是哪个宗教？,基督教,6
1257,请问是谁设计了肯尼迪半美元？,吉尔罗伊·罗伯茨（gilroy roberts）,2
1258,请问民族统一战线的核心是什么？,领导权问题是中心问题,1
1259,请问沥青乳化剂有哪些包装？,50或200公斤/桶,1
1260,请问helpcontext是什么意思？,设置或返回帮助文件主题的上下,1
1261,请问大水牛s系列s0203有多少个3.5英寸仓位？,1个,4
1262,请问司马懿被封了什么爵位？,舞阳侯,2
1263,什么赚族网是什么时候创建的？,2007年12月9日,5
1264,请问台北故宫博物院收藏了那些精品？,翠玉白菜、毛公鼎、散氏盘、快雪时晴帖等,6
1265,请问三亚水业海景大酒店是什么时候装修的呢？,2005年,5
1266,请问与全身持续性水肿相关的疾病有哪些啊？,肺水肿 动脉硬化 高血压 肝硬化 肾病综合征 库欣综合征 遗传性血管性水肿 缩窄性心包炎 烧伤 淋巴水肿 小儿营养不良 麻疹 荨麻疹和血管性水肿 梅毒 血管神经性水肿 新生儿水肿 四肢淋巴水肿 小儿营养不良性水肿 急性肾小球肾炎 慢性肾小球肾炎 充血性心力衰竭 高原肺水肿 高原脑水肿 黄斑囊样水肿 妊娠呕吐 小儿肺水肿 小儿遗传性血管神经性水肿 肝炎 溢饮,6
1267,请问是谁设计了越南国旗？,阮友秦,2
1268,请问第二次鸦片战争的主要指挥官是谁呀？,爱德华·霍巴特·西摩尔，葛罗，额尔金伯爵,2
1269,请问诺贝尔奖是什么时候设立的？,1900年（庚子年）6月,5
1270,请问大黄蜂号航空母舰是什么时候开始投入使用的啊？,1941年10月,5
1271,请问最游记的人物设定是谁？,佐佐木敏子,2
1272,请问海尔空调kfrd-72lwz5的使用面积有多大？,32-53（㎡）,4
1273,请问是谁出品了cfgwiz.exe？,symantec corporation,2
1274,请问南瓜的原产地在哪里？,北美洲,3
1275,请问盐尻市的平假名是什么？,：しおじりし,1
1276,请问海棠的同伴是谁？,李逍遥,2
1277,请问日向花火属于哪个地方啊？,火之国?木叶隐之村,3
1278,请问腾讯qq的稳定版本是什么？,稳定版本   腾讯qq (6.6)（简体中文，windows） (2014年11月18日（30天前）) [±] qq international (2.11)（multi-language，windows） (2014年1月22日（10个月前）) [±]qq for mac (3.1.2)（简体中文、英文，mac） (2014年5月20日（6个月前）) [±],6
1279,请问什么时候立春啊？,每年的2月3日-5日,5
1280,请问是在哪个地方制作的《无懈可击之高手如林》啊？,中国大陆,3
1281,请问是什么时候颁布的“十二五”规划啊？,2011年3月14日,5
1282,请问比亚迪e6的生产厂商是哪个公司？,比亚迪汽车公司,6
1283,请问平克·弗洛伊德在那些年非常活跃？,1967-,5
1284,请问亚利桑那州立大学的校园环境是什么样的？,城市型大学,1
1285,请问流星花园在哪些电视台播出啊？,朝日电视台 传讯电视大地频道、台视、华视、 纬来日本台、三立都会台,6
1286,请问罗帅签约了哪家公司？,北京未来广告有限责任公司,6
1287,请问hg70d的性能是什么？,具有高的轻度，良好的抗疲劳,1
1288,请问加治木由美是哪个年级的呢？,高中三年级,2
1289,请问张家长李家短的繁体字怎么写啊？,張家長李家短,1
1290,请问魔典md-06b(2gb)的接口是什么样的技术？,usb2.0,6
1291,请问鼓楼区用汉语怎么拼？,gulou qu,1
1292,请问滴滴打车的产品名称是什么？,滴滴打车,6
1293,请问《鼓·达人》蓝光版发行的地区是哪里？,大陆,3
1294,请问广德公主姓什么？,朱,2
1295,请问保险合同生效的条件是什么？,主体合意,1
1296,请问制作百香果渍青木瓜需要多长时间啊？,3小时,5
1297,请问tmp三羟甲基丙烷的化学式怎么写啊？,c(ch3ch2ch2oh)3,1
1298,请问童年症的具体症状是什么？,喜欢看动画片，跟年纪比自己小一,1
1299,请问和平社区所管辖的面积有多大啊？,1200多亩,4
1300,请问crsss.exe的进程文件是什么？,crsss 或者 crsss.exe,6
1301,请问安得拉邦的首府是哪里啊？,海得拉巴,3
1302,请问孝谦天皇的年号是什么啊？,天平胜宝、天平宝字（孝谦朝）,2
1303,请问东乡平八郎是什么时候死的？,1934年05月30日（86岁） ?大日本帝国 东京市,5
1304,请问荷兰学院所在的地方在哪里呢？,爱德华王子岛省,3
1305,请问百褶帘的控制方式是什么啊？,手动拉绳控制,1
1306,请问捷波694as的显示芯片是什么？,集成芯片声卡,6
1307,请问三亚站的站名用中文怎么拼写？,sanya,1
1308,请问黑暗血时代的作品标签有哪些？,升级练功、生存、爽文,1
1309,请问粉红石英的底色是什么？,其他 | other,6
1310,请问是谁命名了紫丁香啊？,"chron,1859",2
1311,请问牵手一生网站的服务理念是什么？,建立真诚交友、严肃婚恋的平台,1
1312,请问与全身持续性水肿相关的症状有哪些？,创伤 丹毒 腹水 肝源性水肿 肝肿大 高血压 颈静脉怒张 静脉血栓 门脉高压 黏液性水肿 尿常规异常 脓胸 全身持续性水肿 热痛 面部水肿 肾源性水肿 特发性水肿 体重减轻 下肢水肿 消瘦 心源性水肿 眼底改变 阴囊水肿 营养不良,1
1313,请问大话西游3是什么样的方式来运营的啊？,时间收费,1
1314,请问全身持续性水肿的患病部位主要是？,全身,6
1315,请问卡洛斯·特维斯在国家队取得过什么样的成绩啊？,59场/13球,2
1316,请问易方达科讯是在什么时候成立的啊？,20080111,5
1317,请问溪口镇附近有什么机场吗？,黄山机场,3
1318,请问2014世界互联网大会的展会名称是什么啊？,首届世界互联网大会?乌镇峰会[2],1
1319,请问弗兰基spas-15霰弹枪的基本规格是什么？,标准型：  空枪：3.9 千克（8.5 磅） 上弹：4.1 千克（9.04 磅）,1
1320,请问上海金苗幼儿园是什么时候开办的啊？,1996,5
1321,请问祈福电影中心的服务宗旨是什么？,免费,1
1322,请问糖尿病的临床症状有哪些？,临床典型病例可出现多尿、多饮、多食、消瘦等表现，即“三多一少”症状。,1
1323,请问新泰市实验中学现在的在校生有多少人？,1756名,4
1324,请问新永不瞑目的首播平台有哪些？,江苏卫视，cctv-1,6
1325,请问观城是由哪个公司开发的？,南京龙高置业有限公司,6
1326,请问城步县住房和城乡建设局下设了哪些机构？,办公室等,6
1327,请问在职证明中有哪些项目？,公司地址,6
1328,请问湖南工业职业技术学院的学校代码是多少啊？,44302,4
1329,请问南冲村总共有几个村民小组？,5个,4
1330,请问2012款新福美来 1.6l自动精英版汽车是什么级别的？,紧凑型,6
1331,请问天主教维多利亚教区是什么时候设立的啊？,1846年,5
1332,请问直贴利率是根据什么设立的啊？,中央银行制订的再贴现利率；,1
1333,请问大汉帝国风云录这个作品的性质是什么？,vip作品,1
1334,请问西安市文化市场行政执法总队是由哪个单位批准的？,西安市委、市政府,6
1335,请问马琳是在什么比赛中获得金牌的啊？,2004年 雅典,6
1336,请问2011中国（深圳）it领袖峰会的主办方是哪个机构？,深圳市人民政府,6
1337,请问天主教维多利亚教区的各级教务首长是谁啊？,理查·若瑟·加侬,2
1338,请问战罗盘h168加强版的屏幕分辨率为多少？,720*480,4
1339,请问12306的网址是什么啊？,http://www.12306.cn,1
1340,请问天文台山在以前又称为什么？,伊利近山,1
1341,请问2010年1月11日在农历是什么时候？,2009年,5
1342,请问醴陵瓷器的生产历史有多久了？,两千多年,5
1343,请问中国发酵设备网提供了什么样的便利？,技术支持及服务的公共服务平台,1
1344,请问i believe获得了什么样的奖项啊？,获得了最佳影视歌曲,1
1345,请问天主教但尼丁教区的教会管区在哪里？,教会管区,3
1346,请问冯云的执业地点在哪里啊？,上海交通大学医学院附属瑞金医院,3
1347,请问张敏信奉哪种宗教信仰？,共产主义,6
1348,请问绿迅龙的学名是什么啊？,ナルガクルガ亜种,1
1349,请问清穿之不能不爱你：我心永恒这部小说是什么类型的啊？ ,穿越时空,6
1350,请问东区的邮递区号是多少啊？,401,4
1351,请问risingstar是在哪个频道播出？,keshet channel 2(以色列）,6
1352,请问aldnoah zero出自哪个剧本？,虚渊玄（1-3话）高山克彦（4-15话）,6
1353,请问天主教维多利亚教区的管辖范围有哪些？,温哥华岛,3
1354,请问太祖弹雀出自哪个文献？,《涑水纪闻》,6
1355,请问孔垂楠的新浪微博名称叫什么呢？,大大大大大帅垂,2
1356,请问es文件浏览器的系统要求是什么呢？,android 2.0或更高版本,1
1357,请问婴儿枕头适用于哪个人群？,初生到3个月的宝宝,2
1358,请问丹尼尔·布莱恩现在居住在哪里啊？,美国亚利桑那州凤凰城,3
1359,请问福特的官方网站是什么？,www.ford.com.cn,6
1360,请问xnl箱内回油过滤器的产品型号是什么？,nlx-40×※,6
1361,请问网络操作系统所属于哪个类别？,网络 计算机 操作系统,6
1362,请问台北松山机场的具体坐标是什么？,15°04′10″，121°33′06″,3
1363,请问春丽的招术是什么啊？,三角跳 鹰爪脚 鹤脚落,2
1364,请问家族的诞生这个作品的续集是什么？,丑八怪警报,6
1365,请问苗疆蛊事这部作品作品是什么状态啊？,完结,1
1366,请问是哪个单位制作发行了冰冻星球？,bbc、英国公开大学,6
1367,请问新加坡的官方语言是什么？,汉语，英语，马来语，泰米尔语,6
1368,请问德阳山水通讯有限公司获得的主要荣誉是什么？,四川省移动十强合作伙伴,1
1369,请问天主教维多利亚教区的主教座堂是什么啊？,圣安德肋主教座堂,6
1370,请问红旗水库的正常容水量是多少？,900万立方米,4
1371,请问粉红石英的岩性如何？,中国产板岩 | china's slate,1
1372,请问长安壹栋什么时候交房啊？,2012年10月,5
1373,请问谢炘昊的儿女叫什么名字？,谢天朗、谢天晴,2
1374,请问最终幻想xiii-2的媒介是什么啊？,bd、dvd,6
1375,请问唐老鸭的工作有什么啊？,太多了！,2
1376,请问薄荷味荤鲜汤的菜品口味是什么啊？,其它,1
1377,请问max3232ese的电源电压是多少伏？,30 v,4
1378,请问全美超级模特新秀大赛的原创是？,tyra banks,2
1379,请问国家体育场的使用者是？,中国奥林匹克委员会,6
1380,请问迈克尔逊干涉仪的工作机理是什么？,光的干涉,1
1381,请问救赎者法杖的附魔等级是多高？,275,4
1382,请问亚甲蓝的水溶性具体是什么？,氧化性环境中蓝色。在水或乙醇中易溶，在氯仿中溶解,1
1383,请问天主教亚历山德里亚教区的礼仪形式是什么？,罗马礼,1
1384,请问五铢衣也称作什么啊？,五铢服 ”,1
1385,请问孔雀开屏属于什么口味呢？,滇味,1
1386,请问ipad的制造商是谁啊？,富智康,6
1387,请问天主教上海教区的首长职衔是？,上海主教,2
1388,请问南京信息工程大学有多少个硕士点啊？,55个（14个一级学科+41个二级学科）个,4
1389,请问一淘网的网站口号是什么？,一淘让购物更聪明、更实惠！,1
1390,请问构成保障性住房的主要成分是什么？,廉租住房,1
1391,请问冯曦妤喜欢做什么事啊？,唱歌 填词 弹琴 旅行,1
1392,请问肥东县王铁中心幼儿园总共有多大呢？,6400平方米,4
1393,请问新建村的人均耕地面积有多大？,0.5亩,4
1394,请用典质举个例子造句。,回家变卖典质，父亲还了亏空；,1
1395,请问乌鲁木齐火车西站主要的客运业务是什么啊？,办理旅客乘、降，行李托运,1
1396,请问黑山共和国是什么样的气候？,温带大陆性气候、地中海气候,6
1397,请问可以从哪里获取台北联营公车218路线的管理资讯？,大南汽车,6
1398,请问完美音调在香港又被称作什么啊？,完美巨声帮,1
1399,请问二战经典战役全记录的多看价格为多少？,6,4
1400,请问欧普jylq04是什么样的装修方式啊？,吸顶式,1
1401,请问圣地亚哥有哪个机场？,阿图罗·梅里诺·贝尼特斯准将国际机场,3
1402,请问黄金舞台的主持人是谁啊？,侯佩岑,2
1403,请问是在什么时候批准的郫县豆瓣啊？,2005/12/31,5
1404,请问城西站的电报略号是什么？,ムカ,1
1405,请问萨拉托加号航空母舰有多长？,293.3米,4
1406,请问长城c50的驱动方式是什么？,前轮驱动,1
1407,请问追耘手机销售管理系统的主要功能是什么？,提供方便的价保返利管理,1
1408,请问王皇后的丈夫是谁？,金宣宗（完颜珣）,2
1409,请问波音737的主要用户有哪些公司？,美国航空 联合航空 西南航空 达美航空 瑞安航空 阿拉斯加航空 西捷航空 英国航空 汉莎航空 荷兰皇家航空 s7航空 全日空 日本航空 春秋航空（日本） 大韩航空 澳洲航空 中华航空 中国国际航空 中国南方航空 中国东方航空 厦门航空 上海航空 山东航空 海南航空 深圳航空 奥凯航空 九元航空 河北航空 飞鸟航空 马来西亚航空 土耳其航空,6
1410,请问幸运☆星 这个游戏人数限制为多少？,1～2人,4
1411,请问凤凰山在淡季门票价格是多少啊？,60元/人,4
1412,请问特蕾莎·阿什马尔在什么赛事上取得了银牌？,2000年 悉尼,6
1413,请问行政参与权的主体是谁？,行政相对人,2
1414,请问数控技术的商品大小为？,23.6 x 16.8 x 1.6 cm,4
1415,请问创新digital mp3 lx100的存储介质是哪种类型的？,闪存式,6
1416,请问《华丽一族》的发型语言是什么啊？,汉语,6
1417,请问恶心的软体动物这本书的读者是哪个年龄段？,7-10岁,5
1418,请问鱼目混珠的反义词是什么？,黑白分明、泾渭分明,1
1419,请问南越王墓博物馆中收藏了什么精品？,"""丝缕玉衣\",6
1420,请问塞利米耶清真寺的具体坐标是什么？,41°40′41″n 26°33′34″e,3
1421,请问格里高利·叶菲莫维奇·拉斯普京的国籍是哪？,俄国,3
1422,请问e8型柴油机车的生产量有多少？,496台,4
1423,请问温阳·海港城的主力户型是什么样的啊？,50-90平方米,1
1424,请问铔的规范汉字编号是什么？,u+94d4,4
1425,请问西安浐灞国家湿地公园里最著名的景点是什么啊？,灞柳风雪,3
1426,请问释道心是来自于哪一个电视节目啊？,中央电视台《奋斗》,6
1427,请问长城被誉为什么？,世界八大奇迹之一,1
1428,请问男性产前恐惧症主要表现在什么地方？,安全的恐惧,1
1429,请问小米手机3有多重？,145g,4
1430,请问七的笔顺编号为多少？,15,4
1431,请问2010第十届哈尔滨动力传动展览会的承办单位是？,中国国际贸易促进委员会黑龙分会,6
1432,请问苏州站属于哪个单位？,上海铁路局,6
1433,请问thriller是在什么时候录制的？,1982年5月14日～11月8日,5
1434,请问射影定理的公式是什么？,bd?=ad·dc ?ab?=ac·ad ?bc?=cd·ac,1
1435,请问现代hy-102 4gb是什么类型的屏幕？,高精度耐磨高清触摸屏,6
1436,请问microsoft office 365 是在什么时候发布推出的呢？,2011年6月28日（3年前）,5
1437,请问里卡多·莫尼兹曾经在那个球队工作过？,艾恩德霍芬足球俱乐部,6
1438,请问ibm system x3400 m2(783752c)的电源是什么类型的啊？,服务器专用电源,6
1439,请问氯化钾有没有危险啊？,无,1
1440,请问连连看5是什么语言的游戏？,中文游戏,6
1441,请问佐兰·普里莫拉茨是什么时候取得了铜牌？,1987年 新德里,5
1442,请问教父的原作者是谁啊？,马里奥·普佐,2
1443,请问江苏省海洋与渔业局的法人代表是谁？,王小林,2
1444,请问宁德技师学院以前的名字叫什么啊？,闽东技校,6
1445,请问q块世界是什么时候出现的？,2014年2月30日,5
1446,请问拉尔斯·彼得·汉森在哪里工作啊？,芝加哥大学、卡内基梅隆大学,3
1447,请问nexus 7的cpu是什么样的？,nvidia tegra 3 四核,6
1448,请问哪些人不能使用甲苯喹唑酮啊？,肝功能不良者，孕妇,1
1449,请问阿尔忒弥斯代表着什么啊？,贞洁、月亮,1
1450,请问宝历是从什么时候开始的？,1751年,5
1451,请问石桥镇的友好城市是哪个城市？,泸州市,3
1452,请问刀剑神域的作者是谁？,中村贮子,2
1453,请问圆叶娃儿藤在中国植物志上的编码是什么？,200-1000,4
1454,请问陈红的专业具体是什么？,资本市场制度创新,6
1455,请问谁和她接吻了是在什么时候更新的呢？,2013/1/5,5
1456,请问失重飞机有什么作用？,航天产品的环境实验,1
1457,请问中国服务型制造企业案例集使用的是什么纸张？,胶版纸,6
1458,请问worm.concier可以影响什么系统？,win9x / winnt,6
1459,请问于大宝的球衣号码是多少？,22,4
1460,请问紫杉醇适用于哪些症状？,卵巢癌和乳腺癌,1
1461,请问是哪些人建立了西泠印社啊？,丁辅之、王福庵、吴隐、叶为铭,2
1462,请问德化窑白釉兽耳炉现在保存在哪里？,故宫博物馆,3
1463,请问高尔夫7的轴距有多少？,2637毫米,4
1464,请问史蒂芬霍金的著名成就是什么？,霍金辐射 彭罗斯–霍金奇性定理（英语：penrose–hawking singularity theorems） 《时间简史：从大爆炸到黑洞》,2
1465,请问三星 nv20的机身特性是什么啊？,消费,1
1466,请问阳泉市矿区国土资源管理所的适用地区有哪些？,阳泉市,3
1467,请问哭来笑去散可以治疗什么症状？,牙齿痛，脸肿,1
1468,请问蔷薇少女有多少单行本册数？,连载8卷(已完结),4
1469,请问小荷作文网是什么类型的网站啊？,写作平台,6
1470,请问凤凰山在旺季的时候门票价格为多少？,60元/人,4
1471,请问是谁建立了呼吸乐队？,高旗?曹钧,2
1472,请问高阳公主被册封为什么？,高阳公主，高阳长公主，合浦公主,2
1473,请问飞利浦200bw8的面板类型是什么？,"防眩偏振 , rgb 垂直条纹",6
1474,请问沈眉庄的结局是什么样的？,得知情夫自宫后受惊生产时血崩而死,1
1475,请问叶青是在哪里出道的啊？,内地,3
1476,请问高家村人均纯收入为多少？,6893元,4
1477,请问扶他林软膏是什么类型的膏剂？,软膏剂,6
1478,请问浔油8号的品种审定编号是什么啊？,赣审油2007003,4
1479,请问济南仁品耳鼻喉医院的特色专科是什么？,耳科、鼻科、咽喉科,6
1480,请问冷板凳风洞亚克力版的散热方式是什么样的？,风冷 散热器,1
1481,请问三星i939支持的频段是？,2g：gsm 900/1800/1900,4
1482,请问山西长治高新技术产业园区的规划面积有多大？,9.3平方公里,4
1483,请问涂料粘度测定法的标准号为？,gb/t 1723-1993,4
1484,请问在2006年里士满的人口有多少？,"192,913（估计）",4
1485,请问疫苗乐团的背景资料是什么？,"west london, england",1
1486,请问是哪个公司盛产了苏-15战斗机？,苏霍伊设计局,6
1487,请问神雕侠侣的外景是在哪里拍摄的？,英属香港 清水湾电视城 ( 古装街 ),3
1488,请问九黄晶晶具体位置在哪里啊？,松潘县川主寺镇,3
1489,请问brocade 425（双端口）的接口是什么样的呀？,pci express gen 2.0可兼容,1
1490,请问神堂坪村有什么资源？,锰、芒硝、银、铁矿,1
1491,请问泰勒·斯威夫特是在哪里出道的啊？,美国宾夕法尼亚州怀奥米辛,3
1492,请问艾力克斯·罗德里格斯是打球中是什么角色？,投球： 右,2
1493,请问数控技术制造出来的商品有多重？,440g,4
1494,请问中国人民银行的联系方式是什么啊？,+86?(0)10?6619 4114,4
1495,请问小米手机3有哪些颜色？,白、银、黑、黄、粉、灰、蓝,6
1496,请问苏联和阿富汗友好睦邻合作条约的主要内容是什么？,双方将为保障两国安全,1
1497,请问中美可持续航空生物燃料联合研究实验室是依托哪个机构的？,美国波音公司,6
1498,请问495号州际公路有多长？,120.74英里（194.31千米）,4
1499,请问海盗船c70的机箱试什么样式的啊？,立式,6
1500,请问哈姆雷特的混音效果是什么样的啊？,杜比数码环绕声,1
1501,请问联合车站的车站代码是什么？,was（美铁）,4
1502,请问保税物流园区的业务包括哪些啊？,国际中转,1
1503,请问2012年国际公安司法及血液中心标准dna实验室装备展览会是在哪里举报的？,山东青岛国际会展中心,6
1504,请问吴迪曾经获得过什么奖啊？,2007年中国大学生影像节“最佳男主角”,2
1505,请问小儿垂体性侏儒症的多发季节是什么啊？,四季,5
1506,请问大连大学是由什么地方主管？,大连市,3
1507,请问play.ocx的危害是什么啊？,电脑无故蓝屏,1
1508,请问迈克尔·杰克逊的厂牌是什么？,钢城唱片 摩城唱片 史诗唱片 遗产唱片 mjj制作,2
1509,请问莘庄中学的办学理念是什么啊？,文化奠基、质量立校,1
1510,请问replay是什么时候创立的？,1978 年,5
1511,请问皇家圣光迪莫是什么样子的？,圣光迪莫超进化形态,1
1512,请问金州勇士队的主场馆是哪个？,甲骨文球馆（oracle arena?）,3
1513,请问第一次世界大战总共有多少人伤亡？,"协约国总士兵阵亡: 5,497,600 同盟国总士兵阵亡: 3,382,500 交战双方受伤总数：2000万左右 平民死亡总数：6,493,000",4
1514,请问索尼a580是怎么操作的啊？,aps-c规格数码单反,1
1515,请问是谁演唱的射雕英雄传？,罗 文、甄 妮,2
1516,请问唐海兽葡萄镜被收藏在哪里啊？,浙江省博物馆,3
1517,请问破坏性技术也被成作什么？,破坏性创新,1
1518,请问企业号航空母舰吃水深度有多深？,12米 (39英尺)[1],4
1519,请问乐山的人均gdp有多少？,1134.79亿元人民币（2013年）,4
1520,请问海信xqb60-v3780h的洗涤容量有多大？,6.000l,4
1521,请问是哪个单位颁布了福建省取水许可管理权限规定啊？,福建省人民政府,6
1522,请问国际乒乓球联合会的会长是谁啊？,阿达姆·沙拉拉,2
1523,请问脐寒泻的常见症状有什么？,粪便清白，腹痛肠鸣,1
1524,请问是谁写了对雪？,于石,2
1525,请问国务院部委管理的国家局的行政级别是什么？,副部级,6
1526,请问北京市通州区国家税务局的服务对象是谁？,通州区中市属、区属企业,2
1527,请问亚铬酸镧的einecs编号是什么？,234-629-9,4
1528,请问南靖县地方税务局是什么时候组建的？,1994年,5
1529,请问堀田站2008年的客流量有多少人？,"6,933人/日 -2008年-",4
1530,请问胖溪蟹泸水亚种是哪个目的？,十足目,6
1531,请问企业号航空母舰的乘员有多少人？,"4,539名",4
1532,请问s波段的频率是什么范围的？,2--4ghz,4
1533,请问小张村占地面积有多大？,2721亩,4
1534,请问中国渔政东海总队主要是做什么工作啊？,东海区专属经济区渔政巡航工作,1
1535,请问是谁设计了aldnoah zero这个角色？,松本昌子,2
1536,请问安仁村的主要农产品是什么啊？,木瓜，青豆,6
1537,请问平家物语总共有多少卷啊？,13卷,4
1538,请问是神雕侠侣的片尾曲是什么又是谁演唱的？,伤心太平洋 演唱：任贤齐,2
1539,请问杰斐逊乡占地面积有多大？,35.75?平方英里（92.59?平方公里）,4
1540,请问未央宫是什么时候修建的？,汉高祖七年（公元前200年）,5
1541,请问柑橘炭疽病主要会伤害植物的哪些部位？,叶片、枝梢、果实,6
1542,请问统一号的服务类型是什么啊？,优等列车,6
1543,请问深圳市圈圈网络科技有限公司在哪里啊？,中国深圳市,3
1544,请问张玉被授予了什么爵位？,荣国公→河间王,2
1545,请问先科st988是什么颜色的啊？,黑色,6
1546,请问变形金刚续集是什么啊？,《变形金刚2》,6
1547,请问红光村总共有多少人？,3400,4
1548,请问是哪个机构管理客家语？,台湾地区客家委员会（仅限台湾）,6
1549,请问论剑海是在哪个时期比较活跃？,霹雳侠影之轰掣天下,5
1550,请问趋势tew-210apb的数据传输率为多少啊？,"11mbps, 5.5mbps, 2mbps和1mbps",4
1551,请问三星s5300的摄像头像素有多高呢？,200万像素?cmos,4
1552,请问中国银行的股票代号是什么啊？,上交所：601988 港交所：3988 港交所：4601,1
1553,请问安杰洛哪只脚为惯用脚？,右脚,2
1554,请问与东区临近的地区有哪些？,北区、中区、西区、南区、 大里区、太平区,3
1555,请问洋葱凉拌花生米做法简单吗？,简单,1
1556,请问韶山9型电力机车的产量为多少？,43台+171台改进型,4
1557,请问aoc 2282v5 的最佳分辨率为多大？,22英寸,4
1558,"请问2-氨基-4-甲基-6-甲氧基-1,3,5-三嗪的相对分子质量为多少？",140.14,4
1559,请问是谁写了出口退税与中国对外贸易啊？,斐长洪，高培勇 主编下,2
1560,请问国家体育场是什么时候开始修建的啊？,2003年12月,5
1561,请问锅包肉是哪个地方的食物啊？,东北,3
1562,请问是谁命名了小瓮猪笼草啊？,v.b.heinrich & s.mcpherson,2
1563,请问对雪的体裁是什么？,七绝,6
1564,请问凡人修仙传是从什么时候开始创作的？,2008年(戊子年)2月20日,5
1565,请问新港街道的代码是什么？,350103004,4
1566,请问二战经典战役全记录纸书卖多少钱啊？,29,4
1567,请问茨维考西萨克森高等专业学院是什么时候建校的？,1897,5
1568,请问由肾上腺素引发的不良反应有哪些？,恶心呕吐、面色苍白、心动过速、胸部压迫等,1
1569,请问einecs登录号是什么啊？,215-211-5,4
1570,请问万州长江三桥是什么时候修建完成的啊？,在建,5
1571,请问名装网的服务范围包含了哪些地区？,深圳地区：罗湖区、宝安区,3
1572,请问空之境界的作画监督是谁？,高橋タクロヲ,2
1573,请问至尊高手是什么类型的小说？,都市言情 > 都市重生,6
1574,请问马铃薯枯萎病主要伤害哪种农作物？,马铃薯,6
1575,请问中华恐龙园具体位置在哪里啊？,江苏常州市新北区长江东路1号,3
1576,请问醉生梦死的效果是什么啊？,增加等于品质等级的愤怒值,1
1577,请问我亦独仙的授权是什么级别的啊？,驻站作品,1
1578,请问信息技术工具属于哪个学科？,资源科技,6
1579,请问温尚翊是哪里的人？,广东省梅州市梅县区,3
1580,请问拓拔野的妻子是谁啊？,雨师妾(正妻）,2
1581,请问伏尔加格勒国立大学是哪个国家的啊？,俄罗斯,3
1582,请问弄堂的建筑风格是什么？,由连排的老房子（石库门）构成,1
1583,请问真 · 巨武器破坏者护肩的适用职业是什么啊？,所有职业,6
1584,请问手机密号支持哪些系统？,安卓版，ios版，微信公众号版,6
1585,请问立毛反射亢进这个症状叫什么啊？,立毛反射亢进,1
1586,请问怎么服用褐带环口螺啊？,内服，烧煮，4-5个,1
1587,请问仁保jct属于哪一条公路啊？,广岛吴道路,3
1588,请问狗皮膏药是什么意思？,中医用狗皮膏药消肿止痛,1
1589,请问兰媛媛叫什么？,兰媛媛,2
1590,请问锻仙这本小说是什么状态？,已完结,1
1591,请问新华区的划分代码是什么啊？,410402,4
1592,请问西瓜细菌性果斑病的病原体名称是什么啊？,西瓜细菌斑点假单胞菌,6
1593,请问黑暗小姐的任务是什么？,毁灭地球,1
1594,请问万寿寺是什么时候建造的啊？,公元881年,5
1595,请问seo的同义词有哪些？,seo优化?搜索引擎优化,1
1596,请问韦廷王朝是什么时候建立的？,900年1月1日，1114年前,5
1597,请问roic属于哪个领域？,资本?投入,6
1598,请问怎么使用af任务提醒器呢？,单击”选择提示音乐“并选择音乐,1
1599,请问闭式二尖瓣扩张术适用于什么症状？,二尖瓣无或仅有轻度闭锁不全,1
1600,请问齐齐哈尔南站在哪里啊？,黑龙江省齐齐哈尔市高新区,3
1601,请问原生木质部包含了哪些部分？,后生木质部,6
1602,请问索尼克的其他翻译名字有哪些？,索尼克外传、音速小子,1
1603,请问万寿寺在哪里啊？,浙江省杭州市,3
1604,请问绿色幸福村的环境包括了哪些？,村庄山水、景观、人文、历史,1
1605,请问aldnoah zero的主要人物是谁？,界冢伊奈帆,2
1606,请问新奥尔良的市长是谁？,雷.纳金（民主党）,2
1607,请问天主教维多利亚教区属于哪个教省？,温哥华,3
1608,请问乐山小吃有什么美称？,“食在中国，味在四川”,1
1609,请问v3菱悦的制动方式是什么样的？,前通风盘后盘式,1
1610,请问水果忍者官方中文版是什么语言啊？,简体中文,6
1611,请问哪个电视台可以首播kanon啊？,bs-i,6
1612,请问dj1型电力机车的规矩为多大？,1435mm,4
1613,请问四甲基乙二胺的相关物质是什么啊？,乙二胺、pmdta,6
1614,请问丝的仓颉名是什么啊？,vvm,1
1615,请问海兔主要分布在哪些地方？,世界暖海区域，中国暖海区也有出产,3
1616,请问在中医学中，性欲低下被称为什么？,性欲低下。,1
1617,请问七年雪的主角是谁？,杨帆，沈雪,2
1618,请问劳动法的图书编号是多少？,1080922,4
1619,请问魏华园新区在几环啊？,二环,4
1620,请问激光电视是怎么发展的？,彩电企业在扮演激光推广,1
1621,请问浩方对战平台是什么性质的软件？,免费软件,1
1622,请问什么时候通过的湖北省集体合同条例啊？,2002年3月28日,5
1623,请问高桌晚宴的由来是什么？,高桌晚宴是从英国牛津、剑桥大学,1
1624,请问阿尔法特种部队参与了哪些战役？,阿富汗战争；第一次车臣战争；2002年莫斯科轴承厂文化宫大剧院人质事件；第二次车臣战争；2004年别斯兰人质事件,6
1625,请问日立dz-gx5060sw的传感器是什么类型的？,ccd,6
1626,请问妙手神医的首发网站是哪个？,创世中文网,6
1627,请问大嘴巴是什么类型的音乐？,dj音乐,6
1628,请问2+5+2中的2是什么意思？,第一个“2”是指国人心中地位,1
1629,请问瓦隆古的堂区在哪里？,堂区,3
1630,请问纳粹德国的钱币是什么？,马克,6
1631,请问是用什么工具开发的美丽的秋天啊？,flash,6
1632,请问雷霆2000多管火箭系统的服役记录是什么啊？,未定,1
1633,请问天文咖啡这个游戏标签是什么啊？,逗趣搞笑,1
1634,请问锦苑华府有哪些户型啊？,90-140平方米,1
1635,请问微星n650 power edition的制造工艺是什么？,28纳米,1
1636,请问是在什么时候建立的中国国民党马达加斯加支部？,1962,5
1637,请问红日长升悍马650的电源版本是什么啊？,atx12v2.31,6
1638,请问青海湖是什么类型的湖泊啊？,咸水湖,6
1639,请问神仙活血丹是由什么药品组成的啊？,当归,6
1640,请问是谁设计了韶山9型电力机车？,株机厂、株洲所,2
1641,请问国共内战发生在哪里啊？,中国,3
1642,请问神舟商禧w32t2300的前端总线是什么？,667mhz,6
1643,请问纯情罗曼史是什么时候开始发售的？,2004年1月31日（第一集） 2005年5月27日（第二集） 2005年7月29日（第三集） 2006年1月27日（第四集） 2006年5月26日（第五集） 2006年12月28日（第六集） 2007年5月25日（第七集）,5
1644,请问南京农业大学是什么样的学校啊？,211工程  985优势学科创新平台  111计划,1
1645,请问杨千嬅在联网电影数据库（imdb）中有什么信息啊？,《新扎师妹》(2002年) 《干柴烈火》(2002年) 《行运超人》(2003年) 《新扎师妹2美丽任务》(2003年) 《地下铁》(2003年) 《花好月圆》(2004年) 《煎酿叁宝》(2004年) 《千杯不醉》(2005年) 《天生一对》(2006年) 《每当变幻时》(2007年) 《志明与春娇》(2010年) 《抱抱俏佳人》(2010年) 《春娇与志明》(2012年) 《单身男女2》(2014年),2
1646,请问六须鲶鱼有多长？,可达5m,4
1647,请问北影gt240 阿波罗 tc1g的显存频率是多少？,1800mhz,4
1648,请问韩厥的父亲是谁？,姬輿（韩子舆）,2
1649,请问宾得q7套机(5-15mm)的光学变焦可达多少倍？,3倍,4
1650,请问一氧化碳气体报警器是利用什么方式报警的啊？,探测一氧化碳气体浓度,1
1651,请问笨蛋、测验、召唤兽是在什么时候出版的？,2007年1月29日 - 2013年11月30日,5
1652,请问道康宁pd930的保质期是多长时间？,36个月,5
1653,请问什么时候开展2014世界互联网大会啊？,2014年世界互联网大会11.19-21[2],5
1654,请问江苏省盐业集团有限责任公司的法定代言人是谁？,童玉祥,2
1655,请问最游记的剧本统筹是谁啊？,隅泽克之（日语：隅沢克之）,2
1656,请问北京地铁14号线的轨道标准是什么？,1435mm,1
1657,请问懒人听书这个文件有多大？,3.0 mb,4
1658,请问李贞贤还有哪些家庭成员？,父:李吉戌 母:鲁在姬 4个姐姐,2
1659,请问atgrid支持哪些东西？,多个etset数据集,1
1660,请问灵魂屏障是哪种卡种？,陷阱,1
1661,请问美的f80-30d1是怎么加热的？,电热,1
1662,请问东孝站能办理货运业务吗？,不办理,1
1663,请问坐车郎出自哪里？,世说新语·容止,6
1664,请问西湖区属于哪个行政区啊？,江西省南昌市,3
1665,请问光州的市花是什么啊？,潢川金桂,6
1666,请问砂锅土豆鸡的调位料有哪些？,姜适量、八角适量、葱适量,6
1667,请问水星有多大？,6.083×10^10㎞?,4
1668,请问鹿豚属于哪种亚科？,鹿豚亚科(babyrousinae),6
1669,请问哌醋甲酯缓释片属于哪种类型的药品？,抗精神病葯；精神葯品第一类,6
1670,请问黄浦区的人口情况是什么样的？,户籍人口603714人 常住人口429891人,4
1671,请问格林豪泰（苏州吴中西路快捷酒店）有多少间客房？,62间,4
1672,请问韩国有哪些主要的民族？,华夏、秽貊,6
1673,请问索尼的纯利润有多少？,5.18亿美元（2013年）,4
1674,请问开司米又被分成什么？,白绒,1
1675,请问福特的经营范围是什么？,汽车生产企业,1
1676,请问与凤凰山有关的名人是谁啊？,邓颖超,2
1677,请问神州三宝的例子有什么？,人杰地灵，物华天宝,1
1678,请问灵异妙探的图像制式是什么啊?,720p?hdtv,6
1679,请问一元一次不等式组的1是什么意思？,几个含有同一个未知数,1
1680,请问美男大奥恋爱的后宫要收费吗？,免费,1
1681,请问2002年世界杯足球赛是哪两个国家比赛啊？,韩国/?日本,3
1682,请问南京站是什么类型的车站？,地下岛式站台（1号线车站）,6
1683,请问爱普生eb-cu610wi的标准分辨率是什么啊？,1280×800(dpi),4
1684,请问反恐精英online2的收费方式是什么样子的？,道具收费,1
1685,请问amd 闪龙 3000+（盒）的插槽类型是什么？,socket 754,6
1686,请问北亚美利加洲的平均海拔有多高？,700米,4
1687,请问黄浦区是什么类型的区？,市辖区（已撤销）,6
1688,请问南区的政府编号是什么？,01106-1,4
1689,请问联合车站的营运系统是什么？,美铁,6
1690,请问是谁建立了世界政府啊？,20个有野心的国王,2
1691,请问京沪高速公路的终点在哪里呀？,上海市,3
1692,请问中华电信的口号是什么？,沟通人间情，链接世界心（1996年） 为了你 一直走在最前面（一般服务标语） 移动 触动 真感动 keep in touch（手机服务标语） 每一句话都是思念（国际电话）,1
1693,请问日本有哪些主要的宗教？,神道教，佛教[2],6
1694,请问河口槭是不是中国特有的？,否,1
1695,请问angel beats!的正式翻译名是什么？,天使的脉动[注 1][1],1
1696,请问泡姜排骨锅的口感怎么样？,鲜美,1
1697,请问北海·名座的装修情况是什么样的？,毛坯,1
1698,请问兰溪市住房和城乡建设局有哪些科室？,建筑业管理科、办公室,6
1699,请问纵贯线运营了多久？,1887年至今,5
1700,请问安吉尔m880lk-xq的额定电压为多少伏？,220v,4
1701,请问小行星214的绝对星等 (h)为多少？,9.5,4
1702,请问佳能dc310液晶屏有多大？,2.7英寸,4
1703,请问是谁设计了国家体育场？,赫尔佐格（herzong）和皮埃尔·德麦隆（pierre demeuron) (瑞士) arupsport 中国建筑设计研究院（集团）（china architectural design & research group）,2
1704,请问弗洛伊德·梅威瑟的职业战绩是什么样的？,46胜0负26次ko（至2014年）,2
1705,请问“网游大盗”变种ysv影响平台有哪些？,win 9x/me/nt/2000/xp/2003,6
1706,请问元朝又被称为什么？,元，蒙元，大元,1
1707,请问神舟商禧w32t2300的最高主频为多少？,1.66ghz,4
1708,请问三月三是什么类型的节日？,少数民族节日,1
1709,请问清真大寺是什么时候建立的？,建于清康熙三十二年（公元1693年）,5
1710,请问河口槭是不是引种栽培的啊？,非人工引种栽培,1
1711,请问ak-12突击步枪是什么时候生产的？,2011年-现在,5
1712,请问发财树的拉丁学名是什么啊？,pachira macrocarpa,1
1713,请问灵魂屏障的罕贵度是什么？,银字r,1
1714,请问抚粳4号的特征是什么？,粳型常规水稻品种,1
1715,请问7月19日发生了什么重要事件？,1863年——建成世界第一条地铁,1
1716,请问绩效文化是企业文化中的什么成分？,（1）企业物质文化；,1
1717,请问大众途观的尺寸是什么？,4506*1809*1685,4
1718,请问芦荟甜瓜梨汁是怎么做的啊？,将甜瓜去皮及瓤,1
1719,请问小牧交流道的收费站编号是什么啊？,01-124,4
1720,请问喀什大学的解释是什么？,目前尚未成为喀什大学,1
1721,请问printronix可以用来干什么？,打印,1
1722,请问东庄村的人均收入为多少啊？,12828元,4
1723,请问蜡笔大炮这个应用有多大？,5.86 mb,4
1724,请问大众途观最高速度为多少啊？,202,4
1725,请问鸿合笔圣(kps-1200)可以用来干什么？,教学、产品一体化演示/无纸化办...,1
1726,请问是哪个单位生产了资源一号02c卫星啊？,中国空间技术研究院,6
1727,请问拿个机构发布的奢侈品排行榜啊？,world luxury association,6
1728,请问激光多功能一体机m7030的打印速度为多少啊？,20页/分钟,4
1729,请问东风-31洲际弹道导弹是什么时候开始使用的？,df-31：2006年、df-31a：2007年,5
1730,请问是谁创立了正义联盟啊？,gardnerfox,2
1731,请问哪个厂家生产了骁龙810啊？,美国高通技术公司,6
1732,请问奥地利维也纳之声新年音乐会是在什么时间演出的啊？,2014年12月31日,5
1733,请问孙艳平参演了什么电影？,《乡长丁满贵》,6
1734,请问勇敢级驱逐舰有多宽？,48.1英尺,4
1735,请问2012款高尔夫1.4t自动蓝驱版是在哪年上市的？,2012,5
1736,请问青岛海霸能源集团有限公司的子公司是什么？,山东海霸电池有限公司,6
1737,请问汉语属于哪个语系？,汉藏语系-汉语族,6
1738,请问冰雪奇缘在imdb上的评分有多高？,7.7[1],4
1739,请问英菲尼迪fx的轴距有多宽？,2885毫米,4
1740,请问hp compaq dx2200(rj278pa)的光驱是什么类型的啊？,dvd刻录机,6
1741,请问空中歼灭这个游戏指南是什么？,鼠标点击射击,1
1742,请问秦始皇的陵寝在哪里？,骊山陵（今西安市临潼区下河村）,3
1743,请问电子科技大学有多少个博士点？,66个,4
1744,请问钱杏仁冬瓜怎么制作啊？,腌渍入味，拍粉拖蛋,1
1745,请问是谁编写了儿科常见急救啊？,杨瑞荣，李文琳,2
1746,请问黑曜代表了什么？,末日浩劫,1
1747,请问新太阳ns-3024b的端口数量是什么？,10/100mbps,4
1748,请问三军帅府是什么类型的建筑？,"普通住宅,高层,小高层",6
1749,请问特调脂是什么样子的？,胶囊剂,1
1750,请问亚历山大一世是哪个家族的？,罗曼诺夫王朝,2
1751,请问井口安全阀控制系统的执行标准是什么？,"api rp 14a subsurface safety valve equipment,",6
1752,请问海棠属于哪一个公司？,软星科技（北京）有限公司,6
1753,请问方正t410iu-t440ax的cpu型号是什么啊？,intel 奔腾双核 t4400,6
1754,请问杰斐逊乡水域面积有多大？,0?平方英里（0?平方公里）,4
1755,请问是谁提出了维基主义美术？,凯文·凯利,2
1756,请问金菱一lyad-hib17的电源是什么性能的？,"220v交流, 50/60hz",1
1757,请问dj的英文全称是什么？,disco jockeydj,1
1758,请问清“与天地参”匾的来源是什么？,由乾隆“临雍”释奠行三礼时题书,1
1759,请问浪漫开学日是哪个网站上的小游戏？,17yy小游戏,6
1760,请问闪锌矿的硬度有多大？,3.5,4
1761,请问云斯卡尔达斯的主场在哪？,palogrande,3
1762,请问国共内战发生在什么时候？,1920年代末至1940年代末,5
1763,请问国家汉语国际推广领导小组办公室是什么样的机构？,领导小组日常常设办事机构,1
1764,请问if有多长时间？,12分21秒,5
1765,请问hk usp手枪的以什么样的方式供弹？,弹匣供弹,1
1766,请问500米口径球面射电望远镜在什么地方？,贵州省黔南州平塘县克度镇绿水村的“大窝凼”洼地,3
1767,请问释王寺的方向是什么？,坐北向南,1
1768,请问谁现在担任中国国家足球队的主教练？,男足：阿兰·佩兰；女足：郝伟,2
1769,请问羚羊角是什么性味？,味咸；性寒。,1
1770,请问阿贝迪·贝利的儿子是谁？,拉希姆·阿尤,2
1771,请问图尔奇诺夫的其他外文名字叫什么？,валентиновичту,2
1772,请问梁山战役的交战双方是谁？,中国 八路军,2
1773,请问怎么制备宁肺丸啊？,用乌梅膏加生蜜少许，调为丸,1
1774,请问timken 9180/9120轴承的内圈是什么啊？,timken,6
1775,请问东京食尸鬼√a 可以在网络上的哪些地方播放？,gyao!（日本） bandai channel（日本） niconico channel（日本） 腾讯视频（中国大陆） 优酷网（中国大陆） 展开,3
1776,请问嘎兹穆拉德·努玛格莫多夫是哪个地方的运动员？,亚美尼亚,3
1777,请问永胜村的农村人口有多少？,1997人,4
1778,请问迷你贷的主营业务有哪些？,抵押贷款，融资，风控管理,1
1779,请问银川市国土资源局2010年加强政风行风建设的实施意见这个文件的类别是什么？,实施意见,6
1780,请问iko ge240es-2rs轴承的直径为多少？,240 mm,4
1781,请问雪丰钢铁的收入有多少？,46.77 亿元,4
1782,请问中山路的起点在哪里啊？,东起黄埔大道,3
1783,请问中国网球公开赛在哪里举行啊？,国家网球中心、光彩体育馆,3
1784,请问《傻得可以》总共有多长？,3.06分钟,4
1785,请问spark乐驰的尺寸是什么？,3495米 1495米 1523米,4
1786,请问yotaphone 2 是什么样的摄像头？,1300万像素后置、200万像素前置,1
1787,请问胜女的代价片头曲是什么？,陈乔恩《喜欢孤独》,6
1788,请问铁观音起源于什么时候？,公元1723-1735年,5
1789,请问深圳四方景麟电子科技有限公司主要经营什么啊？,电子烟、电脑配件、手机配件,1
1790,请问与南区毗邻的行政区有哪些？,札幌市（中央区、丰平区、西区、手稻区、清田区）、千岁市、惠庭市、小樽市、喜茂别町、京极町、赤井川村、伊达市,3
1791,请问剑侠情缘网络版叁的收费模式是什么样的？,时间收费（月卡、点卡两种模式）,1
1792,请问穆罕默德五世国际机场所在的城市是？,达尔贝达,3
1793,请问金头穗鹛指名亚种的拉丁目名是什么啊？,passeriformes,1
1794,请问最强大脑第二季在哪里播出？,江苏卫视,6
1795,请问武士心脏的所属专题是？,挑战过关,6
1796,请问hp t5400(xq917ps)的处理器类型是什么？,英特尔凌动处理器d425,6
1797,请问东李村的主要产业是什么啊？,农业,6
1798,请问圣塞西莉亚女子短期大学是在什么时候建立的啊？,1945年,5
1799,请问聂有多少笔画？,10画<简>、18画<繁>,4
1800,请问龘的四角代码是什么？,1211,1
1801,请问2pm出自哪张专辑？,《hottest time of the day》（2008年） 《2:00pm time for change》（2009年） 《the first album 1:59pm》（2009年） 《don't stop can't stop》（2010年） 《still 2:00pm》（2010年） 《hands up》(2011年) 《republic of 2pm》(2011年) 《members selection》(2012年) 《legend of 2pm》(2013年) 《grown》(2013年) >《go crazy》(2014年),6
1802,请问是谁发明了防强奸牛仔裤？,diksha pathak,2
1803,请问清河村总共有多少人口？,2082人,4
1804,请问卡拉什调解发生在什么地方？,卡拉西的居住行星,3
1805,请问中国银行大厦的概要在哪里？,办公室,3
1806,请问是谁拥有擂鼓瓮金锤啊？,历史上的金锤将,2
1807,请问广濑荣理子现在在世界上排名为多少？,第12位,4
1808,请问波斯尼亚和黑塞哥维那的政治体制是什么样的？,直接民主共和制,6
1809,请问ntn 2220轴承的外径是多大？,180,4
1810,请问听琴台什么时候开放？,全天,5
1811,请问索菲亚衣柜只要卖的产品有哪些？,衣柜、移门、板式家具,6
1812,请问奥尔德属于哪个游戏？,《赛尔号》,6
1813,请问耶和华见证人属于什么性质的团体？,基督类宗教团体,1
1814,请问徽语的语言代码是什么？,iso639-1 zhi,1
1815,请问国务院食品安全委员会的主任是谁？,张高丽 国务院副总理[1],2
1816,请问千童博物馆收藏了多少件精品？,50件藏品,4
1817,请问马来西亚航空370号班机空难有多少人去世？,239（推定）[1],4
1818,请问三星galaxy s ii的屏幕有多大？,4.3寸super amoled plus 480x800,4
1819,请问王浩 是什么时候参加工作的？,1988年,5
1820,请问普莱乐奶昔伴侣的成分是什么？,共轭亚油酸粉末(cla),6
1821,请问中国国家足球队有哪些出名的人？,李惠堂、郝海东、杨晨、邵佳一、孙雯等,2
1822,请问中山路的终点在哪里啊？,西至珠江大桥,3
1823,请问狂风恶浪的中文发音是什么样的？,kuáng fēng è làng,1
1824,请问2015年美洲国家杯的球场有几个？,8个（位于8个主办城市）,4
1825,请问蝙蝠侠最早出现的时间？,1939年5月,5
1826,请问海尔bcd-231wdcv的额定耗电量为多少？,0.69度/天,4
1827,请问m16系列自动步枪的有效射程有多大？,400米,4
1828,请问全汉银甲战神650的最大功率为多大？,650w,4
1829,请问龙潭水库总共能储多少水？,1.34亿立方米,4
1830,请问陈燕的文化有多高？,大专文化,2
1831,请问计算机应用基础的丛书名叫什么？,中等职业教育课程改革规划新教材,6
1832,请问庄沟村村内有哪些企业？,玻璃钢制品厂,6
1833,请问伊视通et-p5230xry有哪些功能？,网络摄像机,1
1834,请问神话组合是什么时候出道的啊？,1998/3/24,5
1835,请问京都之旅这个游戏英文名称是什么？,geisha look dress up,1
1836,请问商务投影机主要用途是什么？,小型会议,1
1837,请问笙用五笔怎么打？,shēng,1
1838,请问2012款哈弗h5欧风版绿静2.0t柴油手动两驱舒适的保修政策是什么？,2年/6万公里,1
1839,请问高桥沙也加的 bwf id为多少？,34890,1
1840,请问高汤的主要食材是什么？,骨头，姜，,6
1841,请问西北大学有多少本科生？,"8,459人（2013年秋季）",4
1842,请问女娲星的反照率有多大？,0.04,4
1843,请问大灰狼和小红帽争夺战是什么时候上线的？,2011/6/16,5
1844,请问哌醋甲酯缓释片的包装型号是什么样的？,瓶装100片 片剂:每片5mg 10mg 20mg 注射剂:每支20mg(1ml),1
1845,请问钩端螺旋体病肺出血型用疫苗预防效果好吗？,否,1
1846,请问是谁发起了玛格南图片社啊？,卡蒂埃·布勒松,2
1847,请问沈化龙是哪个族的？,汉族,6
1848,请问个人取向的声音制式是什么？,立体声（类比电视） 杜比数位（数位电视）,6
1849,请问杰斐逊乡的人口有多少啊？,607,4
1850,请问高汤是属于什么分类？,汤,6
1851,请问中南大学党委办公室的主要职能是什么？,负责起草党委工作报告和计划等,1
1852,请问西河流经了哪些国家？,中华人民共和国,3
1853,请问两个人属于哪个唱片公司？,cj media,6
1854,请问张老庄村位于哪里？,黄淮平原黄口镇陇海线南18公里,3
1855,请问甲乙酮肟的闪点在多少度？,60℃,4
1856,请问醉爱葡萄酒的出版社是哪个？,吉林出版集团有限责任公司,6
1857,请问台湾的人均gdp为多少？,22002美元（2014年）国际汇率,4
1858,请问迈拓91024d4的转速为多少？,7200rpm,4
1859,请问乒乓球的起源时间是什么？,19世纪末,5
1860,请问临时放牧地的一级学科是什么？,资源科技,6
1861,请问三星i939触摸屏的特点是什么？,电容屏，多点触控,1
1862,请问一乙胺盐酸盐的 einecs号是什么？,209-182-8,1
1863,请问网络分析、体系结构与设计第二版的作者是谁？,(美)麦凯布出版社,2
1864,请问美国恐怖故事总共有多少季？,4季,4
1865,请问中华民国临时政府的政体是什么啊？,内阁制,6
1866,请问sv-98狙击步枪的弹药规格是什么？,7.62*54rmm,4
1867,请问是什么时候发布的国有资产评估管理办法啊？,一九九一年十一月十六日,5
1868,请问回信器又被称为什么？,限位开关,1
1869,请问使命召唤：现代战争3 的游戏引擎是什么？,iw engine 5.0,6
1870,请问是在什么时候创设的联合车站啊？,1908年10月27日,5
1871,请问诺基亚lumia 1020的系统内存有多大？,32gb,4
1872,请问严父是什么书里面的名句？,《孝经·圣治》：孝莫大于严父。,6
1873,请问上海市高级人民法院的联系电话是多少？,021-34169666 63080000（本部）,4
1874,请问响应矩阵法怎么解释？,表达了地下水系统内脉冲,1
1875,请问杭州地铁总共有多少个站点？,54座（两个暂缓）,4
1876,请问可以在哪里下载不死药啊？,世界村·电子书,6
1877,请问公主岭市是什么样的气候条件？,气候条件温带半湿润季风气候,6
1878,请问乙型肝炎的分类系统及外部资源是什么样的？,分类系统及外部资源,1
1879,请问龙门寺属于哪个宗教？,禅宗净土,6
1880,请问佳县晋剧团起源于什么？,自编自演各种民间小调,6
1881,请问东八里庄的交通情况怎么样？,411路 5:45-21:00,1
1882,请问是谁发明了蚌埠回旋啊？,球员李毅,2
1883,请问太古广场有哪些配套设备？,店铺、食肆、戏院、停车场,6
1884,请问图书情报与档案管理中的二级学科有哪些？,120501图书馆学,6
1885,请问海虎是由哪个公司出版的？,海洋创作有限公司,6
1886,请问分子梳的工作原理是什么？,流体流动过程中施加的力,1
1887,请问小鸟的愤怒是什么类型的游戏？,原创游戏?挑战类,6
1888,请问肾毒性的常见发作部位是什么？,肾,6
1889,请问爱贝克思的实收资本是多少钱？,"42亿2,960万日圆（2012年3月31日止）",4
1890,请问宝马 x1的价格为多少？,28.2~56.5万,4
1891,请问贵州广播电视大学的党委书记是谁？,邓惠宾,2
1892,请问米哈伊尔·季莫费耶维奇·卡拉什尼科夫的英文名称是什么？,m.t.kalashnikov,1
1893,请问三诺h-301有源吗？,有源,1
1894,请问宁化话主要是在哪里使用的？,三明市,3
1895,请问途安的标准座位数是几个？,5,4
1896,请问天翱s260-g12的标配cpu数量为几个？ ,1颗,4
1897,请问普世价值的范围包含了什么？,哲学、伦理学、政治学、心理学,1
1898,请问松下 dmc-zs5是什么类型的相机？,卡片数码相机,6
1899,请问汤姆逊n2(4gb)的显示屏有多大？,4.3英寸,4
1900,请问sig mpx冲锋枪这种机枪是什么类型的？,导气式、枪机回旋式闭锁,6
1901,请问steelseries 西伯利亚v2狂热之橙的频响范围有多大？,18-28000hz,4
1902,请问砌块的具体描述是什么？,外形多为直角六面体,1
1903,请问德国雷特热能科技有限公司的企业宗旨是什么？,质量第一，信誉至上,1
1904,请问上条当麻具有什么能力？,幻想杀手(imagine breaker),2
1905,请问行知小学的绿化面积有多大？,占30%,4
1906,请问深圳的市树是什么？,荔枝、红树,6
1907,请问酷q机器人基础是什么？,smartqq协议,6
1908,请问盗贼的极意卡包是什么？,dl5,1
1909,请问荷载频遇值中的3是什么意思？,可变荷载标准值乘荷载频遇值系数,1
1910,请问大桥村总共有多少农户啊？,584户,4
1911,请问红米是什么时候上市的啊？,2013年8月12日,5
1912,请问器材转账拨款是什么意思？,无偿使用而形成的基本建设拨款,1
1913,请问地球自转一圈需要多久？,23小时56分零4秒,5
1914,请问九龙巴士11c线全程一共多少钱？,$5.00 ,4
1915,请问匆匆那年在哪里拍摄的？,北京,3
1916,请问大沙河流域面积有多大？,1373平方公里,4
1917,请问和服是哪个国家的啊？,日本,3
1918,请问博略的人口有多少啊？,168,4
1919,请问伊顿p9120 1000va的ups类型是什么？,在线式,6
1920,请问秦始皇吧的会员有多少人？,11592人,4
1921,请问赵增虎的文化程度是什么?,大专,2
1922,请问音乐武士的游戏等级有多高？,★★★★★,4
1923,请问聊城市中级人民法院的院长名字叫什么？,黄伟东,2
1924,请问是谁给light up my life填词的？,郑樱纶，,2
1925,请问恋情风波的作品驻站在哪里？,现代文学,6
1926,请问城关镇的主要街道是？,淮河路,3
1927,请问鸣沙山─月牙泉风景名胜区什么时候闭园？,17:00,5
1928,请问金星2a号的周期是多长时间？,88.71分,5
1929,请问林肯县的人口密度为多大？,15人/km?（40人/mi?）,4
1930,请问热罗姆·博阿滕的号码是什么？,17号（俱乐部）17号（国家队）,4
1931,请问阿罗的干中学模型是为什么提出来的？,道格拉斯常规模型收益生产函数,1
1932,请问email-worm.win32.warezov.at的危害是什么等级的啊？,中,4
1933,请问泰安车站的站体型式是什么样的？,平面车站,1
1934,请问九州风神玄龙的散热器是什么类型的啊？,：笔记本散热器,6
1935,请问风行者m96狙击步枪的枪管有长？,762mm,4
1936,请问育儿百科的i s b n号码为多少？,9.79E+12,1
1937,请问草酸的的外形是什么样的啊？,草酸一般含有二分子结晶水，为无色透明结晶。晶体结构有两种形态，即α型（菱形）和β型（单斜晶形）。,1
1938,请问red专辑总共有多长时间？,65:10:00,5
1939,请问国家体育场是在什么时候启用的？,2008年6月28日,5
1940,请问春心荡漾这个游戏的产地在哪里？,欧洲,3
1941,请问斯大林格勒会战中参战方兵力有多少人？,苏联2 500 000人（苏军反攻阶段）,4
1942,请问正平的政权是什么？,永乐,1
1943,请问谁组织了白凤凰？,流沙,2
1944,请问有哪些平台支持恋舞ol啊？,android、ios、windows phone,6
1945,请问德国联邦国防军的领导宣布了什么？,国防部长乌尔苏拉·冯德莱恩[1]宣布进入国防状态（英语：state of defence (germany)）后：联邦总理安格拉·默克尔[2],1
1946,请问阿明托雷·范范尼的总统是谁？,弗朗切斯科·科西加,2
1947,请问开天窗吸毒能造成什么后果？,造成猝死,1
1948,请问三星sid-46cp的外观是什么样的？,半球,1
1949,请问ro的第一条是什么？,2.1 基本介绍,1
1950,请问迪斯凯瑞d1电火花检漏仪的测量范围为？,a型：0.03-3.5mm,4
1951,请问盐城南洋国际机场的具体位置在哪里？,江苏省盐城市亭湖区南洋镇,3
1952,请问台北联营公车247路线的站台名称是什么？,捷运圆山站,6
1953,请问史蒂文·亚当斯是在哪里毕业的？,匹兹堡大学?（pittsburgh）,6
1954,请问人学的科学之路是由哪个出版社出版的？,河南人民出版社,6
1955,请问尼尔·杨掌握哪些乐器？,钢琴、吉他、班卓琴、口琴等,6
1956,请问泰坦尼克号的动力有多少？,59000马力,4
1957,请问河南农业大学华豫学院的具体地址在哪里？,河南省商丘市北海东路66号,3
1958,请问百度91开发者大赛有哪些奖项？,综合奖 人气奖 单项奖,6
1959,请问杨美萝的身材怎么样？,身材：173cm，48kg,2
1960,请问哪个单位运营了北京地铁8号线啊？,北京市地铁运营有限公司,6
1961,请问徽雕是属于哪个流派？,徽派版画版画流派名,6
1962,请问是谁制作了战地:英雄这个游戏？,visceral games,2
1963,请问微星n650 power edition的核心代号是什么啊？,gk107,6
1964,请问是的郑码代号是什么？,kaii,1
1965,请问the philosophy of carl g.hempel是在什么时候出版的？,oxford university press,5
1966,请问支气管平滑肌痉挛有哪些检查？,激发试验,6
1967,请问北方泰石医疗科技有限公司的企业理念是什么？,精益求精、锐意创新,1
1968,请问谁是天地男儿的编审啊？,鲍伟聪，周旭明,2
1969,请问耐水耐尘试验箱主要的对象是什么呢？,各种零配件做防尘及耐尘试验,6
1970,请问北京中裕世纪大酒店的餐饮设施有哪些？,中餐厅 咖啡厅 ?限时送餐服务,6
1971,请问全国灰霾防治战略联盟的英文缩写是什么？,nsus,1
1972,请问森林泰山有哪些资源？,丛林泰山，至野一族，森林王子等,6
1973,请问是谁为light up my life作曲的？,邓智伟，庄冬昕，,2
1974,请问桂林市统计局 的机构概况是什么？,市人民政府的综合职能部门,1
1975,请问海尔bcd-231wdcv 的冷藏室有多大的体积？,64l,4
1976,请问康涅狄格州的座右铭是什么？,越受挫折越强，,1
1977,请问双庙村的地形是什么样的？,丘陵,1
1978,请问兴宁市人民医院的年门诊量有多大？,27万人次,4
1979,请问抗震救灾的精神是什么？,自强不息、顽强拼搏、万众一心,1
1980,请问蓝色妖姬fa18pro的感光元件是什么？,cmos,6
1981,请问2013第十四届成都国际家具工业展览会是在哪个场馆举办的？,成都世纪城新国际会展中心,3
1982,请问混凝土输送泵主要应用于哪个方面？,房建、桥梁及隧道施工,6
1983,请问林肯县水域面积有多大？,120?km?（46?mi?），17.95%,4
1984,请问hot有哪些成员？,安七炫、文熙俊、李在元、tony、张佑赫,2
1985,请问绿蔓蛇属于哪个亚门？,脊椎动物亚门vertebrata,6
1986,请问魏国有哪些主要的城市？,安邑、魏县、少梁、毕城,3
1987,请问魏国的国王是谁？,魏王,2
1988,请问蓝秀的总部地址在哪里？,中国广州,3
1989,请问瓦登伯革氏症候群的常见病因是什么？,是2号染色体的畸变,1
1990,请问可可脂的拼音名称是什么？,kě kě zhī,1
1991,请问下颌角整形术适合哪些人群？,第一种是针对圆方形脸,1
1992,请问广州市制衣行业商会设立在哪里啦？,广州市,3
1993,请问九龙巴士b1线多长时间一班？,10分钟一班,5
1994,请问是哪个团队开发了机甲战线啊？,戏画 team baldrhead,6
1995,请问丁氟螨酯的熔点是多少度？,77.9-81.7℃。,4
1996,请问人民币人物的相关领域是什么？,货币,6
1997,请问新常态的特征是什么？,从高速增长转为中高速增长,1
1998,请问中兴 u288的主屏分辨率是什么样的？,320x240像素,4
1999,请问是谁创作了bronze啊？,尾崎南,2
2000,请问后卫寨站的最后一班车是什么时候？,往纺织城23:17,5
